season,round,weather_warm,weather_cold,weather_dry,weather_wet,weather_cloudy,driver,grid,podium,driverId,number,code,forename,surname,url,driverStandingsId,raceId,driver_points,driver_standings_pos,positionText,driver_wins,circuitId,name,time,fp1_date,fp1_time,fp2_date,fp2_time,fp3_date,fp3_time,quali_date,quali_time,sprint_date,sprint_time,constructor_points,constructor_wins,constructor_standings_pos,qualifying_time,driver_age
2021,1,False,False,False,False,False,max_verstappen,1,2,830.0,33,VER,Max,Verstappen,http://en.wikipedia.org/wiki/Max_Verstappen,70232.0,1052.0,18,2,2,0,3.0,Bahrain Grand Prix,15:00:00,2021-03-26,\N,2021-03-26,\N,2021-03-27,\N,2021-03-27,\N,\N,\N,0,0,0,0.0,23
2021,1,False,False,False,False,False,hamilton,2,1,1.0,44,HAM,Lewis,Hamilton,http://en.wikipedia.org/wiki/Lewis_Hamilton,70231.0,1052.0,25,1,1,1,3.0,Bahrain Grand Prix,15:00:00,2021-03-26,\N,2021-03-26,\N,2021-03-27,\N,2021-03-27,\N,\N,\N,0,0,0,0.38800000000000523,36
2021,1,False,False,False,False,False,bottas,3,3,822.0,77,BOT,Valtteri,Bottas,http://en.wikipedia.org/wiki/Valtteri_Bottas,70233.0,1052.0,16,3,3,0,3.0,Bahrain Grand Prix,15:00:00,2021-03-26,\N,2021-03-26,\N,2021-03-27,\N,2021-03-27,\N,\N,\N,0,0,0,0.5889999999999986,31
2021,1,False,False,False,False,False,leclerc,4,6,844.0,16,LEC,Charles,Leclerc,http://en.wikipedia.org/wiki/Charles_Leclerc,70236.0,1052.0,8,6,6,0,3.0,Bahrain Grand Prix,15:00:00,2021-03-26,\N,2021-03-26,\N,2021-03-27,\N,2021-03-27,\N,\N,\N,0,0,0,0.6809999999999974,23
2021,1,False,False,False,False,False,gasly,5,17,842.0,10,GAS,Pierre,Gasly,http://en.wikipedia.org/wiki/Pierre_Gasly,70247.0,1052.0,0,17,17,0,3.0,Bahrain Grand Prix,15:00:00,2021-03-26,\N,2021-03-26,\N,2021-03-27,\N,2021-03-27,\N,\N,\N,0,0,0,0.8119999999999976,25
2021,1,False,False,False,False,False,ricciardo,6,7,817.0,3,RIC,Daniel,Ricciardo,http://en.wikipedia.org/wiki/Daniel_Ricciardo,70237.0,1052.0,6,7,7,0,3.0,Bahrain Grand Prix,15:00:00,2021-03-26,\N,2021-03-26,\N,2021-03-27,\N,2021-03-27,\N,\N,\N,0,0,0,0.9299999999999926,31
2021,1,False,False,False,False,False,norris,7,4,846.0,4,NOR,Lando,Norris,http://en.wikipedia.org/wiki/Lando_Norris,70234.0,1052.0,12,4,4,0,3.0,Bahrain Grand Prix,15:00:00,2021-03-26,\N,2021-03-26,\N,2021-03-27,\N,2021-03-27,\N,\N,\N,0,0,0,0.9770000000000039,21
2021,1,False,False,False,False,False,sainz,8,8,832.0,55,SAI,Carlos,Sainz,http://en.wikipedia.org/wiki/Carlos_Sainz_Jr.,70238.0,1052.0,4,8,8,0,3.0,Bahrain Grand Prix,15:00:00,2021-03-26,\N,2021-03-26,\N,2021-03-27,\N,2021-03-27,\N,\N,\N,0,0,0,1.2180000000000035,26
2021,1,False,False,False,False,False,alonso,9,19,4.0,14,ALO,Fernando,Alonso,http://en.wikipedia.org/wiki/Fernando_Alonso,70249.0,1052.0,0,19,19,0,3.0,Bahrain Grand Prix,15:00:00,2021-03-26,\N,2021-03-26,\N,2021-03-27,\N,2021-03-27,\N,\N,\N,0,0,0,1.2519999999999953,39
2021,1,False,False,False,False,False,stroll,10,10,840.0,18,STR,Lance,Stroll,http://en.wikipedia.org/wiki/Lance_Stroll,70240.0,1052.0,1,10,10,0,3.0,Bahrain Grand Prix,15:00:00,2021-03-26,\N,2021-03-26,\N,2021-03-27,\N,2021-03-27,\N,\N,\N,0,0,0,1.6039999999999992,22
2021,1,False,False,False,False,False,giovinazzi,12,12,841.0,99,GIO,Antonio,Giovinazzi,http://en.wikipedia.org/wiki/Antonio_Giovinazzi,70242.0,1052.0,0,12,12,0,3.0,Bahrain Grand Prix,15:00:00,2021-03-26,\N,2021-03-26,\N,2021-03-27,\N,2021-03-27,\N,\N,\N,0,0,0,1.7109999999999985,27
2021,1,False,False,False,False,False,tsunoda,13,9,852.0,22,TSU,Yuki,Tsunoda,http://en.wikipedia.org/wiki/Yuki_Tsunoda,70239.0,1052.0,2,9,9,0,3.0,Bahrain Grand Prix,15:00:00,2021-03-26,\N,2021-03-26,\N,2021-03-27,\N,2021-03-27,\N,\N,\N,0,0,0,2.206000000000003,20
2021,1,False,False,False,False,False,raikkonen,14,11,8.0,7,RAI,Kimi,Räikkönen,http://en.wikipedia.org/wiki/Kimi_R%C3%A4ikk%C3%B6nen,70241.0,1052.0,0,11,11,0,3.0,Bahrain Grand Prix,15:00:00,2021-03-26,\N,2021-03-26,\N,2021-03-27,\N,2021-03-27,\N,\N,\N,0,0,0,2.2409999999999997,41
2021,1,False,False,False,False,False,russell,15,14,847.0,63,RUS,George,Russell,http://en.wikipedia.org/wiki/George_Russell_%28racing_driver%29,70244.0,1052.0,0,14,14,0,3.0,Bahrain Grand Prix,15:00:00,2021-03-26,\N,2021-03-26,\N,2021-03-27,\N,2021-03-27,\N,\N,\N,0,0,0,4.433000000000007,23
2021,1,False,False,False,False,False,ocon,16,13,839.0,31,OCO,Esteban,Ocon,http://en.wikipedia.org/wiki/Esteban_Ocon,70243.0,1052.0,0,13,13,0,3.0,Bahrain Grand Prix,15:00:00,2021-03-26,\N,2021-03-26,\N,2021-03-27,\N,2021-03-27,\N,\N,\N,0,0,0,2.727000000000004,24
2021,1,False,False,False,False,False,latifi,17,18,849.0,6,LAT,Nicholas,Latifi,http://en.wikipedia.org/wiki/Nicholas_Latifi,70248.0,1052.0,0,18,18,0,3.0,Bahrain Grand Prix,15:00:00,2021-03-26,\N,2021-03-26,\N,2021-03-27,\N,2021-03-27,\N,\N,\N,0,0,0,2.939000000000007,25
2021,1,False,False,False,False,False,mick_schumacher,18,16,854.0,47,MSC,Mick,Schumacher,http://en.wikipedia.org/wiki/Mick_Schumacher,70246.0,1052.0,0,16,16,0,3.0,Bahrain Grand Prix,15:00:00,2021-03-26,\N,2021-03-26,\N,2021-03-27,\N,2021-03-27,\N,\N,\N,0,0,0,3.451999999999998,22
2021,1,False,False,False,False,False,mazepin,19,20,853.0,9,MAZ,Nikita,Mazepin,http://en.wikipedia.org/wiki/Nikita_Mazepin,70250.0,1052.0,0,20,20,0,3.0,Bahrain Grand Prix,15:00:00,2021-03-26,\N,2021-03-26,\N,2021-03-27,\N,2021-03-27,\N,\N,\N,0,0,0,4.275999999999996,22
2021,1,False,False,False,False,False,vettel,20,15,20.0,5,VET,Sebastian,Vettel,http://en.wikipedia.org/wiki/Sebastian_Vettel,70245.0,1052.0,0,15,15,0,3.0,Bahrain Grand Prix,15:00:00,2021-03-26,\N,2021-03-26,\N,2021-03-27,\N,2021-03-27,\N,\N,\N,0,0,0,3.0589999999999975,33
2021,2,False,False,False,True,False,hamilton,1,2,1.0,44,HAM,Lewis,Hamilton,http://en.wikipedia.org/wiki/Lewis_Hamilton,70291.0,1053.0,44,1,1,1,21.0,Emilia Romagna Grand Prix,13:00:00,2021-04-16,\N,2021-04-16,\N,2021-04-17,\N,2021-04-17,\N,\N,\N,41,1,1,0.0,36
2021,2,False,False,False,True,False,perez,2,11,815.0,11,PER,Sergio,Pérez,http://en.wikipedia.org/wiki/Sergio_P%C3%A9rez,70295.0,1053.0,10,8,8,0,21.0,Emilia Romagna Grand Prix,13:00:00,2021-04-16,\N,2021-04-16,\N,2021-04-17,\N,2021-04-17,\N,\N,\N,28,0,2,0.03499999999999659,31
2021,2,False,False,False,True,False,max_verstappen,3,1,830.0,33,VER,Max,Verstappen,http://en.wikipedia.org/wiki/Max_Verstappen,70292.0,1053.0,43,2,2,1,21.0,Emilia Romagna Grand Prix,13:00:00,2021-04-16,\N,2021-04-16,\N,2021-04-17,\N,2021-04-17,\N,\N,\N,28,0,2,0.0870000000000033,23
2021,2,False,False,False,True,False,leclerc,4,4,844.0,16,LEC,Charles,Leclerc,http://en.wikipedia.org/wiki/Charles_Leclerc,70296.0,1053.0,20,4,4,0,21.0,Emilia Romagna Grand Prix,13:00:00,2021-04-16,\N,2021-04-16,\N,2021-04-17,\N,2021-04-17,\N,\N,\N,12,0,4,0.3289999999999935,23
2021,2,False,False,False,True,False,gasly,5,7,842.0,10,GAS,Pierre,Gasly,http://en.wikipedia.org/wiki/Pierre_Gasly,70307.0,1053.0,6,9,9,0,21.0,Emilia Romagna Grand Prix,13:00:00,2021-04-16,\N,2021-04-16,\N,2021-04-17,\N,2021-04-17,\N,\N,\N,2,0,5,0.3789999999999907,25
2021,2,False,False,False,True,False,ricciardo,6,6,817.0,3,RIC,Daniel,Ricciardo,http://en.wikipedia.org/wiki/Daniel_Ricciardo,70297.0,1053.0,14,7,7,0,21.0,Emilia Romagna Grand Prix,13:00:00,2021-04-16,\N,2021-04-16,\N,2021-04-17,\N,2021-04-17,\N,\N,\N,18,0,3,0.41499999999999204,31
2021,2,False,False,False,True,False,norris,7,3,846.0,4,NOR,Lando,Norris,http://en.wikipedia.org/wiki/Lando_Norris,70294.0,1053.0,27,3,3,0,21.0,Emilia Romagna Grand Prix,13:00:00,2021-04-16,\N,2021-04-16,\N,2021-04-17,\N,2021-04-17,\N,\N,\N,18,0,3,0.46399999999999864,21
2021,2,False,False,False,True,False,bottas,8,18,822.0,77,BOT,Valtteri,Bottas,http://en.wikipedia.org/wiki/Valtteri_Bottas,70293.0,1053.0,16,5,5,0,21.0,Emilia Romagna Grand Prix,13:00:00,2021-04-16,\N,2021-04-16,\N,2021-04-17,\N,2021-04-17,\N,\N,\N,41,1,1,0.48699999999999477,31
2021,2,False,False,False,True,False,ocon,9,9,839.0,31,OCO,Esteban,Ocon,http://en.wikipedia.org/wiki/Esteban_Ocon,70303.0,1053.0,2,12,12,0,21.0,Emilia Romagna Grand Prix,13:00:00,2021-04-16,\N,2021-04-16,\N,2021-04-17,\N,2021-04-17,\N,\N,\N,0,0,8,0.7990000000000066,24
2021,2,False,False,False,True,False,sainz,11,5,832.0,55,SAI,Carlos,Sainz,http://en.wikipedia.org/wiki/Carlos_Sainz_Jr.,70298.0,1053.0,14,6,6,0,21.0,Emilia Romagna Grand Prix,13:00:00,2021-04-16,\N,2021-04-16,\N,2021-04-17,\N,2021-04-17,\N,\N,\N,12,0,4,0.7879999999999967,26
2021,2,False,False,False,True,False,russell,12,19,847.0,63,RUS,George,Russell,http://en.wikipedia.org/wiki/George_Russell_%28racing_driver%29,70304.0,1053.0,0,16,16,0,21.0,Emilia Romagna Grand Prix,13:00:00,2021-04-16,\N,2021-04-16,\N,2021-04-17,\N,2021-04-17,\N,\N,\N,0,0,9,0.8499999999999943,23
2021,2,False,False,False,True,False,latifi,14,20,849.0,6,LAT,Nicholas,Latifi,http://en.wikipedia.org/wiki/Nicholas_Latifi,70308.0,1053.0,0,20,20,0,21.0,Emilia Romagna Grand Prix,13:00:00,2021-04-16,\N,2021-04-16,\N,2021-04-17,\N,2021-04-17,\N,\N,\N,0,0,9,1.1820000000000022,25
2021,2,False,False,False,True,False,alonso,15,10,4.0,14,ALO,Fernando,Alonso,http://en.wikipedia.org/wiki/Fernando_Alonso,70309.0,1053.0,1,13,13,0,21.0,Emilia Romagna Grand Prix,13:00:00,2021-04-16,\N,2021-04-16,\N,2021-04-17,\N,2021-04-17,\N,\N,\N,0,0,8,1.1820000000000022,39
2021,2,False,False,False,True,False,raikkonen,16,13,8.0,7,RAI,Kimi,Räikkönen,http://en.wikipedia.org/wiki/Kimi_R%C3%A4ikk%C3%B6nen,70301.0,1053.0,0,14,14,0,21.0,Emilia Romagna Grand Prix,13:00:00,2021-04-16,\N,2021-04-16,\N,2021-04-17,\N,2021-04-17,\N,\N,\N,0,0,7,1.5630000000000024,41
2021,2,False,False,False,True,False,giovinazzi,17,14,841.0,99,GIO,Antonio,Giovinazzi,http://en.wikipedia.org/wiki/Antonio_Giovinazzi,70302.0,1053.0,0,15,15,0,21.0,Emilia Romagna Grand Prix,13:00:00,2021-04-16,\N,2021-04-16,\N,2021-04-17,\N,2021-04-17,\N,\N,\N,0,0,7,1.7109999999999985,27
2021,2,False,False,False,True,False,mick_schumacher,18,16,854.0,47,MSC,Mick,Schumacher,http://en.wikipedia.org/wiki/Mick_Schumacher,70306.0,1053.0,0,18,18,0,21.0,Emilia Romagna Grand Prix,13:00:00,2021-04-16,\N,2021-04-16,\N,2021-04-17,\N,2021-04-17,\N,\N,\N,0,0,10,1.867999999999995,22
2021,2,False,False,False,True,False,mazepin,19,17,853.0,9,MAZ,Nikita,Mazepin,http://en.wikipedia.org/wiki/Nikita_Mazepin,70310.0,1053.0,0,19,19,0,21.0,Emilia Romagna Grand Prix,13:00:00,2021-04-16,\N,2021-04-16,\N,2021-04-17,\N,2021-04-17,\N,\N,\N,0,0,10,2.3859999999999957,22
2021,3,False,False,False,False,False,bottas,1,3,822.0,77,BOT,Valtteri,Bottas,http://en.wikipedia.org/wiki/Valtteri_Bottas,70313.0,1054.0,32,4,4,0,75.0,Portuguese Grand Prix,14:00:00,2021-04-30,\N,2021-04-30,\N,2021-05-01,\N,2021-05-01,\N,\N,\N,60,1,1,0.0,31
2021,3,False,False,False,False,False,hamilton,2,1,1.0,44,HAM,Lewis,Hamilton,http://en.wikipedia.org/wiki/Lewis_Hamilton,70311.0,1054.0,69,1,1,2,75.0,Portuguese Grand Prix,14:00:00,2021-04-30,\N,2021-04-30,\N,2021-05-01,\N,2021-05-01,\N,\N,\N,60,1,1,0.007000000000005002,36
2021,3,False,False,False,False,False,max_verstappen,3,2,830.0,33,VER,Max,Verstappen,http://en.wikipedia.org/wiki/Max_Verstappen,70312.0,1054.0,61,2,2,1,75.0,Portuguese Grand Prix,14:00:00,2021-04-30,\N,2021-04-30,\N,2021-05-01,\N,2021-05-01,\N,\N,\N,53,1,2,0.39799999999999613,23
2021,3,False,False,False,False,False,perez,4,4,815.0,11,PER,Sergio,Pérez,http://en.wikipedia.org/wiki/Sergio_P%C3%A9rez,70315.0,1054.0,22,6,6,0,75.0,Portuguese Grand Prix,14:00:00,2021-04-30,\N,2021-04-30,\N,2021-05-01,\N,2021-05-01,\N,\N,\N,53,1,2,0.5420000000000016,31
2021,3,False,False,False,False,False,sainz,5,11,832.0,55,SAI,Carlos,Sainz,http://en.wikipedia.org/wiki/Carlos_Sainz_Jr.,70318.0,1054.0,14,8,8,0,75.0,Portuguese Grand Prix,14:00:00,2021-04-30,\N,2021-04-30,\N,2021-05-01,\N,2021-05-01,\N,\N,\N,34,0,4,0.6910000000000025,26
2021,3,False,False,False,False,False,ocon,6,7,839.0,31,OCO,Esteban,Ocon,http://en.wikipedia.org/wiki/Esteban_Ocon,70323.0,1054.0,8,9,9,0,75.0,Portuguese Grand Prix,14:00:00,2021-04-30,\N,2021-04-30,\N,2021-05-01,\N,2021-05-01,\N,\N,\N,3,0,7,0.6940000000000026,24
2021,3,False,False,False,False,False,norris,7,5,846.0,4,NOR,Lando,Norris,http://en.wikipedia.org/wiki/Lando_Norris,70314.0,1054.0,37,3,3,0,75.0,Portuguese Grand Prix,14:00:00,2021-04-30,\N,2021-04-30,\N,2021-05-01,\N,2021-05-01,\N,\N,\N,41,0,3,0.7680000000000007,21
2021,3,False,False,False,False,False,leclerc,8,6,844.0,16,LEC,Charles,Leclerc,http://en.wikipedia.org/wiki/Charles_Leclerc,70316.0,1054.0,28,5,5,0,75.0,Portuguese Grand Prix,14:00:00,2021-04-30,\N,2021-04-30,\N,2021-05-01,\N,2021-05-01,\N,\N,\N,34,0,4,0.9579999999999984,23
2021,3,False,False,False,False,False,gasly,9,10,842.0,10,GAS,Pierre,Gasly,http://en.wikipedia.org/wiki/Pierre_Gasly,70327.0,1054.0,7,10,10,0,75.0,Portuguese Grand Prix,14:00:00,2021-04-30,\N,2021-04-30,\N,2021-05-01,\N,2021-05-01,\N,\N,\N,8,0,5,1.1269999999999953,25
2021,3,False,False,False,False,False,vettel,10,13,20.0,5,VET,Sebastian,Vettel,http://en.wikipedia.org/wiki/Sebastian_Vettel,70325.0,1054.0,0,16,16,0,75.0,Portuguese Grand Prix,14:00:00,2021-04-30,\N,2021-04-30,\N,2021-05-01,\N,2021-05-01,\N,\N,\N,5,0,6,1.3109999999999928,33
2021,3,False,False,False,False,False,russell,11,16,847.0,63,RUS,George,Russell,http://en.wikipedia.org/wiki/George_Russell_%28racing_driver%29,70324.0,1054.0,0,17,17,0,75.0,Portuguese Grand Prix,14:00:00,2021-04-30,\N,2021-04-30,\N,2021-05-01,\N,2021-05-01,\N,\N,\N,0,0,9,0.7610000000000099,23
2021,3,False,False,False,False,False,giovinazzi,12,12,841.0,99,GIO,Antonio,Giovinazzi,http://en.wikipedia.org/wiki/Antonio_Giovinazzi,70322.0,1054.0,0,15,15,0,75.0,Portuguese Grand Prix,14:00:00,2021-04-30,\N,2021-04-30,\N,2021-05-01,\N,2021-05-01,\N,\N,\N,0,0,8,0.8680000000000092,27
2021,3,False,False,False,False,False,alonso,13,8,4.0,14,ALO,Fernando,Alonso,http://en.wikipedia.org/wiki/Fernando_Alonso,70329.0,1054.0,5,12,12,0,75.0,Portuguese Grand Prix,14:00:00,2021-04-30,\N,2021-04-30,\N,2021-05-01,\N,2021-05-01,\N,\N,\N,3,0,7,1.108000000000004,39
2021,3,False,False,False,False,False,tsunoda,14,15,852.0,22,TSU,Yuki,Tsunoda,http://en.wikipedia.org/wiki/Yuki_Tsunoda,70319.0,1054.0,2,13,13,0,75.0,Portuguese Grand Prix,14:00:00,2021-04-30,\N,2021-04-30,\N,2021-05-01,\N,2021-05-01,\N,\N,\N,8,0,5,1.1149999999999949,20
2021,3,False,False,False,False,False,raikkonen,15,20,8.0,7,RAI,Kimi,Räikkönen,http://en.wikipedia.org/wiki/Kimi_R%C3%A4ikk%C3%B6nen,70321.0,1054.0,0,14,14,0,75.0,Portuguese Grand Prix,14:00:00,2021-04-30,\N,2021-04-30,\N,2021-05-01,\N,2021-05-01,\N,\N,\N,0,0,8,1.4639999999999986,41
2021,3,False,False,False,False,False,ricciardo,16,9,817.0,3,RIC,Daniel,Ricciardo,http://en.wikipedia.org/wiki/Daniel_Ricciardo,70317.0,1054.0,16,7,7,0,75.0,Portuguese Grand Prix,14:00:00,2021-04-30,\N,2021-04-30,\N,2021-05-01,\N,2021-05-01,\N,\N,\N,41,0,3,1.4909999999999997,31
2021,3,False,False,False,False,False,stroll,17,14,840.0,18,STR,Lance,Stroll,http://en.wikipedia.org/wiki/Lance_Stroll,70320.0,1054.0,5,11,11,0,75.0,Portuguese Grand Prix,14:00:00,2021-04-30,\N,2021-04-30,\N,2021-05-01,\N,2021-05-01,\N,\N,\N,5,0,6,1.5649999999999977,22
2021,3,False,False,False,False,False,latifi,18,18,849.0,6,LAT,Nicholas,Latifi,http://en.wikipedia.org/wiki/Nicholas_Latifi,70328.0,1054.0,0,20,20,0,75.0,Portuguese Grand Prix,14:00:00,2021-04-30,\N,2021-04-30,\N,2021-05-01,\N,2021-05-01,\N,\N,\N,0,0,9,1.9369999999999976,25
2021,3,False,False,False,False,False,mick_schumacher,19,17,854.0,47,MSC,Mick,Schumacher,http://en.wikipedia.org/wiki/Mick_Schumacher,70326.0,1054.0,0,18,18,0,75.0,Portuguese Grand Prix,14:00:00,2021-04-30,\N,2021-04-30,\N,2021-05-01,\N,2021-05-01,\N,\N,\N,0,0,10,2.103999999999999,22
2021,3,False,False,False,False,False,mazepin,20,19,853.0,9,MAZ,Nikita,Mazepin,http://en.wikipedia.org/wiki/Nikita_Mazepin,70330.0,1054.0,0,19,19,0,75.0,Portuguese Grand Prix,14:00:00,2021-04-30,\N,2021-04-30,\N,2021-05-01,\N,2021-05-01,\N,\N,\N,0,0,10,2.564000000000007,22
2021,4,False,False,False,False,True,hamilton,1,1,1.0,44,HAM,Lewis,Hamilton,http://en.wikipedia.org/wiki/Lewis_Hamilton,70331.0,1055.0,94,1,1,3,4.0,Spanish Grand Prix,13:00:00,2021-05-07,\N,2021-05-07,\N,2021-05-08,\N,2021-05-08,\N,\N,\N,101,2,1,0.0,36
2021,4,False,False,False,False,True,max_verstappen,2,2,830.0,33,VER,Max,Verstappen,http://en.wikipedia.org/wiki/Max_Verstappen,70332.0,1055.0,80,2,2,1,4.0,Spanish Grand Prix,13:00:00,2021-05-07,\N,2021-05-07,\N,2021-05-08,\N,2021-05-08,\N,\N,\N,83,1,2,0.036000000000001364,23
2021,4,False,False,False,False,True,bottas,3,3,822.0,77,BOT,Valtteri,Bottas,http://en.wikipedia.org/wiki/Valtteri_Bottas,70333.0,1055.0,47,3,3,0,4.0,Spanish Grand Prix,13:00:00,2021-05-07,\N,2021-05-07,\N,2021-05-08,\N,2021-05-08,\N,\N,\N,101,2,1,0.132000000000005,31
2021,4,False,False,False,False,True,leclerc,4,4,844.0,16,LEC,Charles,Leclerc,http://en.wikipedia.org/wiki/Charles_Leclerc,70336.0,1055.0,40,5,5,0,4.0,Spanish Grand Prix,13:00:00,2021-05-07,\N,2021-05-07,\N,2021-05-08,\N,2021-05-08,\N,\N,\N,42,0,4,0.7690000000000055,23
2021,4,False,False,False,False,True,ocon,5,9,839.0,31,OCO,Esteban,Ocon,http://en.wikipedia.org/wiki/Esteban_Ocon,70343.0,1055.0,10,9,9,0,4.0,Spanish Grand Prix,13:00:00,2021-05-07,\N,2021-05-07,\N,2021-05-08,\N,2021-05-08,\N,\N,\N,13,0,5,0.8389999999999986,24
2021,4,False,False,False,False,True,sainz,6,7,832.0,55,SAI,Carlos,Sainz,http://en.wikipedia.org/wiki/Carlos_Sainz_Jr.,70338.0,1055.0,20,8,8,0,4.0,Spanish Grand Prix,13:00:00,2021-05-07,\N,2021-05-07,\N,2021-05-08,\N,2021-05-08,\N,\N,\N,42,0,4,0.8790000000000049,26
2021,4,False,False,False,False,True,ricciardo,7,6,817.0,3,RIC,Daniel,Ricciardo,http://en.wikipedia.org/wiki/Daniel_Ricciardo,70337.0,1055.0,24,7,7,0,4.0,Spanish Grand Prix,13:00:00,2021-05-07,\N,2021-05-07,\N,2021-05-08,\N,2021-05-08,\N,\N,\N,53,0,3,0.8810000000000002,31
2021,4,False,False,False,False,True,perez,8,5,815.0,11,PER,Sergio,Pérez,http://en.wikipedia.org/wiki/Sergio_P%C3%A9rez,70335.0,1055.0,32,6,6,0,4.0,Spanish Grand Prix,13:00:00,2021-05-07,\N,2021-05-07,\N,2021-05-08,\N,2021-05-08,\N,\N,\N,83,1,2,0.9599999999999937,31
2021,4,False,False,False,False,True,norris,9,8,846.0,4,NOR,Lando,Norris,http://en.wikipedia.org/wiki/Lando_Norris,70334.0,1055.0,41,4,4,0,4.0,Spanish Grand Prix,13:00:00,2021-05-07,\N,2021-05-07,\N,2021-05-08,\N,2021-05-08,\N,\N,\N,53,0,3,1.2690000000000055,21
2021,4,False,False,False,False,True,alonso,10,17,4.0,14,ALO,Fernando,Alonso,http://en.wikipedia.org/wiki/Fernando_Alonso,70349.0,1055.0,5,12,12,0,4.0,Spanish Grand Prix,13:00:00,2021-05-07,\N,2021-05-07,\N,2021-05-08,\N,2021-05-08,\N,\N,\N,13,0,5,1.4059999999999917,39
2021,4,False,False,False,False,True,stroll,11,11,840.0,18,STR,Lance,Stroll,http://en.wikipedia.org/wiki/Lance_Stroll,70340.0,1055.0,5,11,11,0,4.0,Spanish Grand Prix,13:00:00,2021-05-07,\N,2021-05-07,\N,2021-05-08,\N,2021-05-08,\N,\N,\N,5,0,7,1.233000000000004,22
2021,4,False,False,False,False,True,gasly,12,10,842.0,10,GAS,Pierre,Gasly,http://en.wikipedia.org/wiki/Pierre_Gasly,70347.0,1055.0,8,10,10,0,4.0,Spanish Grand Prix,13:00:00,2021-05-07,\N,2021-05-07,\N,2021-05-08,\N,2021-05-08,\N,\N,\N,9,0,6,1.2409999999999997,25
2021,4,False,False,False,False,True,vettel,13,13,20.0,5,VET,Sebastian,Vettel,http://en.wikipedia.org/wiki/Sebastian_Vettel,70345.0,1055.0,0,16,16,0,4.0,Spanish Grand Prix,13:00:00,2021-05-07,\N,2021-05-07,\N,2021-05-08,\N,2021-05-08,\N,\N,\N,5,0,7,1.338000000000008,33
2021,4,False,False,False,False,True,giovinazzi,14,15,841.0,99,GIO,Antonio,Giovinazzi,http://en.wikipedia.org/wiki/Antonio_Giovinazzi,70342.0,1055.0,0,15,15,0,4.0,Spanish Grand Prix,13:00:00,2021-05-07,\N,2021-05-07,\N,2021-05-08,\N,2021-05-08,\N,\N,\N,0,0,8,1.6149999999999949,27
2021,4,False,False,False,False,True,russell,15,14,847.0,63,RUS,George,Russell,http://en.wikipedia.org/wiki/George_Russell_%28racing_driver%29,70344.0,1055.0,0,17,17,0,4.0,Spanish Grand Prix,13:00:00,2021-05-07,\N,2021-05-07,\N,2021-05-08,\N,2021-05-08,\N,\N,\N,0,0,9,2.4129999999999967,23
2021,4,False,False,False,False,True,tsunoda,16,20,852.0,22,TSU,Yuki,Tsunoda,http://en.wikipedia.org/wiki/Yuki_Tsunoda,70339.0,1055.0,2,13,13,0,4.0,Spanish Grand Prix,13:00:00,2021-05-07,\N,2021-05-07,\N,2021-05-08,\N,2021-05-08,\N,\N,\N,9,0,6,1.8149999999999977,20
2021,4,False,False,False,False,True,raikkonen,17,12,8.0,7,RAI,Kimi,Räikkönen,http://en.wikipedia.org/wiki/Kimi_R%C3%A4ikk%C3%B6nen,70341.0,1055.0,0,14,14,0,4.0,Spanish Grand Prix,13:00:00,2021-05-07,\N,2021-05-07,\N,2021-05-08,\N,2021-05-08,\N,\N,\N,0,0,8,2.176000000000002,41
2021,4,False,False,False,False,True,mick_schumacher,18,18,854.0,47,MSC,Mick,Schumacher,http://en.wikipedia.org/wiki/Mick_Schumacher,70346.0,1055.0,0,18,18,0,4.0,Spanish Grand Prix,13:00:00,2021-05-07,\N,2021-05-07,\N,2021-05-08,\N,2021-05-08,\N,\N,\N,0,0,10,2.3760000000000048,22
2021,4,False,False,False,False,True,latifi,19,16,849.0,6,LAT,Nicholas,Latifi,http://en.wikipedia.org/wiki/Nicholas_Latifi,70348.0,1055.0,0,19,19,0,4.0,Spanish Grand Prix,13:00:00,2021-05-07,\N,2021-05-07,\N,2021-05-08,\N,2021-05-08,\N,\N,\N,0,0,9,2.4779999999999944,25
2021,4,False,False,False,False,True,mazepin,20,19,853.0,9,MAZ,Nikita,Mazepin,http://en.wikipedia.org/wiki/Nikita_Mazepin,70350.0,1055.0,0,20,20,0,4.0,Spanish Grand Prix,13:00:00,2021-05-07,\N,2021-05-07,\N,2021-05-08,\N,2021-05-08,\N,\N,\N,0,0,10,3.0660000000000025,22
2021,5,True,False,False,False,False,leclerc,1,20,844.0,16,LEC,Charles,Leclerc,http://en.wikipedia.org/wiki/Charles_Leclerc,70356.0,1056.0,40,6,6,0,6.0,Monaco Grand Prix,13:00:00,2021-05-21,\N,2021-05-21,\N,2021-05-22,\N,2021-05-22,\N,\N,\N,60,0,4,0.0,23
2021,5,True,False,False,False,False,max_verstappen,2,1,830.0,33,VER,Max,Verstappen,http://en.wikipedia.org/wiki/Max_Verstappen,70352.0,1056.0,105,1,1,2,6.0,Monaco Grand Prix,13:00:00,2021-05-21,\N,2021-05-21,\N,2021-05-22,\N,2021-05-22,\N,\N,\N,112,1,2,0.22999999999998977,23
2021,5,True,False,False,False,False,bottas,3,19,822.0,77,BOT,Valtteri,Bottas,http://en.wikipedia.org/wiki/Valtteri_Bottas,70353.0,1056.0,47,4,4,0,6.0,Monaco Grand Prix,13:00:00,2021-05-21,\N,2021-05-21,\N,2021-05-22,\N,2021-05-22,\N,\N,\N,141,3,1,0.25499999999999545,31
2021,5,True,False,False,False,False,sainz,4,2,832.0,55,SAI,Carlos,Sainz,http://en.wikipedia.org/wiki/Carlos_Sainz_Jr.,70358.0,1056.0,38,7,7,0,6.0,Monaco Grand Prix,13:00:00,2021-05-21,\N,2021-05-21,\N,2021-05-22,\N,2021-05-22,\N,\N,\N,60,0,4,0.26500000000000057,26
2021,5,True,False,False,False,False,norris,5,3,846.0,4,NOR,Lando,Norris,http://en.wikipedia.org/wiki/Lando_Norris,70354.0,1056.0,56,3,3,0,6.0,Monaco Grand Prix,13:00:00,2021-05-21,\N,2021-05-21,\N,2021-05-22,\N,2021-05-22,\N,\N,\N,65,0,3,0.2740000000000009,21
2021,5,True,False,False,False,False,gasly,6,6,842.0,10,GAS,Pierre,Gasly,http://en.wikipedia.org/wiki/Pierre_Gasly,70367.0,1056.0,16,9,9,0,6.0,Monaco Grand Prix,13:00:00,2021-05-21,\N,2021-05-21,\N,2021-05-22,\N,2021-05-22,\N,\N,\N,10,0,6,0.554000000000002,25
2021,5,True,False,False,False,False,hamilton,7,7,1.0,44,HAM,Lewis,Hamilton,http://en.wikipedia.org/wiki/Lewis_Hamilton,70351.0,1056.0,101,2,2,3,6.0,Monaco Grand Prix,13:00:00,2021-05-21,\N,2021-05-21,\N,2021-05-22,\N,2021-05-22,\N,\N,\N,141,3,1,0.7489999999999952,36
2021,5,True,False,False,False,False,vettel,8,5,20.0,5,VET,Sebastian,Vettel,http://en.wikipedia.org/wiki/Sebastian_Vettel,70365.0,1056.0,10,11,11,0,6.0,Monaco Grand Prix,13:00:00,2021-05-21,\N,2021-05-21,\N,2021-05-22,\N,2021-05-22,\N,\N,\N,5,0,7,1.0729999999999933,33
2021,5,True,False,False,False,False,perez,9,4,815.0,11,PER,Sergio,Pérez,http://en.wikipedia.org/wiki/Sergio_P%C3%A9rez,70355.0,1056.0,44,5,5,0,6.0,Monaco Grand Prix,13:00:00,2021-05-21,\N,2021-05-21,\N,2021-05-22,\N,2021-05-22,\N,\N,\N,112,1,2,1.2270000000000039,31
2021,5,True,False,False,False,False,giovinazzi,10,10,841.0,99,GIO,Antonio,Giovinazzi,http://en.wikipedia.org/wiki/Antonio_Giovinazzi,70362.0,1056.0,1,15,15,0,6.0,Monaco Grand Prix,13:00:00,2021-05-21,\N,2021-05-21,\N,2021-05-22,\N,2021-05-22,\N,\N,\N,0,0,8,1.4329999999999927,27
2021,5,True,False,False,False,False,ocon,11,9,839.0,31,OCO,Esteban,Ocon,http://en.wikipedia.org/wiki/Esteban_Ocon,70363.0,1056.0,12,10,10,0,6.0,Monaco Grand Prix,13:00:00,2021-05-21,\N,2021-05-21,\N,2021-05-22,\N,2021-05-22,\N,\N,\N,15,0,5,1.1400000000000006,24
2021,5,True,False,False,False,False,ricciardo,12,12,817.0,3,RIC,Daniel,Ricciardo,http://en.wikipedia.org/wiki/Daniel_Ricciardo,70357.0,1056.0,24,8,8,0,6.0,Monaco Grand Prix,13:00:00,2021-05-21,\N,2021-05-21,\N,2021-05-22,\N,2021-05-22,\N,\N,\N,65,0,3,1.2519999999999953,31
2021,5,True,False,False,False,False,stroll,13,8,840.0,18,STR,Lance,Stroll,http://en.wikipedia.org/wiki/Lance_Stroll,70360.0,1056.0,9,12,12,0,6.0,Monaco Grand Prix,13:00:00,2021-05-21,\N,2021-05-21,\N,2021-05-22,\N,2021-05-22,\N,\N,\N,5,0,7,1.2539999999999907,22
2021,5,True,False,False,False,False,raikkonen,14,11,8.0,7,RAI,Kimi,Räikkönen,http://en.wikipedia.org/wiki/Kimi_R%C3%A4ikk%C3%B6nen,70361.0,1056.0,0,16,16,0,6.0,Monaco Grand Prix,13:00:00,2021-05-21,\N,2021-05-21,\N,2021-05-22,\N,2021-05-22,\N,\N,\N,0,0,8,1.2959999999999923,41
2021,5,True,False,False,False,False,russell,15,14,847.0,63,RUS,George,Russell,http://en.wikipedia.org/wiki/George_Russell_%28racing_driver%29,70364.0,1056.0,0,17,17,0,6.0,Monaco Grand Prix,13:00:00,2021-05-21,\N,2021-05-21,\N,2021-05-22,\N,2021-05-22,\N,\N,\N,0,0,9,1.4839999999999947,23
2021,5,True,False,False,False,False,tsunoda,16,16,852.0,22,TSU,Yuki,Tsunoda,http://en.wikipedia.org/wiki/Yuki_Tsunoda,70359.0,1056.0,2,14,14,0,6.0,Monaco Grand Prix,13:00:00,2021-05-21,\N,2021-05-21,\N,2021-05-22,\N,2021-05-22,\N,\N,\N,10,0,6,1.75,21
2021,5,True,False,False,False,False,alonso,17,13,4.0,14,ALO,Fernando,Alonso,http://en.wikipedia.org/wiki/Fernando_Alonso,70369.0,1056.0,5,13,13,0,6.0,Monaco Grand Prix,13:00:00,2021-05-21,\N,2021-05-21,\N,2021-05-22,\N,2021-05-22,\N,\N,\N,15,0,5,1.8589999999999947,39
2021,5,True,False,False,False,False,latifi,18,15,849.0,6,LAT,Nicholas,Latifi,http://en.wikipedia.org/wiki/Nicholas_Latifi,70368.0,1056.0,0,18,18,0,6.0,Monaco Grand Prix,13:00:00,2021-05-21,\N,2021-05-21,\N,2021-05-22,\N,2021-05-22,\N,\N,\N,0,0,9,2.019999999999996,25
2021,5,True,False,False,False,False,mazepin,19,17,853.0,9,MAZ,Nikita,Mazepin,http://en.wikipedia.org/wiki/Nikita_Mazepin,70370.0,1056.0,0,20,20,0,6.0,Monaco Grand Prix,13:00:00,2021-05-21,\N,2021-05-21,\N,2021-05-22,\N,2021-05-22,\N,\N,\N,0,0,10,2.6119999999999948,22
2021,6,True,False,False,False,False,leclerc,1,4,844.0,16,LEC,Charles,Leclerc,http://en.wikipedia.org/wiki/Charles_Leclerc,70376.0,1057.0,52,5,5,0,73.0,Azerbaijan Grand Prix,12:00:00,2021-06-04,\N,2021-06-04,\N,2021-06-05,\N,2021-06-05,\N,\N,\N,78,0,4,0.0,23
2021,6,True,False,False,False,False,hamilton,2,15,1.0,44,HAM,Lewis,Hamilton,http://en.wikipedia.org/wiki/Lewis_Hamilton,70371.0,1057.0,101,2,2,3,73.0,Azerbaijan Grand Prix,12:00:00,2021-06-04,\N,2021-06-04,\N,2021-06-05,\N,2021-06-05,\N,\N,\N,148,3,2,0.23199999999999932,36
2021,6,True,False,False,False,False,max_verstappen,3,18,830.0,33,VER,Max,Verstappen,http://en.wikipedia.org/wiki/Max_Verstappen,70372.0,1057.0,105,1,1,2,73.0,Azerbaijan Grand Prix,12:00:00,2021-06-04,\N,2021-06-04,\N,2021-06-05,\N,2021-06-05,\N,\N,\N,149,2,1,0.34499999999999886,23
2021,6,True,False,False,False,False,gasly,4,3,842.0,10,GAS,Pierre,Gasly,http://en.wikipedia.org/wiki/Pierre_Gasly,70387.0,1057.0,31,8,8,0,73.0,Azerbaijan Grand Prix,12:00:00,2021-06-04,\N,2021-06-04,\N,2021-06-05,\N,2021-06-05,\N,\N,\N,18,0,6,0.3469999999999942,25
2021,6,True,False,False,False,False,sainz,5,8,832.0,55,SAI,Carlos,Sainz,http://en.wikipedia.org/wiki/Carlos_Sainz_Jr.,70378.0,1057.0,42,7,7,0,73.0,Azerbaijan Grand Prix,12:00:00,2021-06-04,\N,2021-06-04,\N,2021-06-05,\N,2021-06-05,\N,\N,\N,78,0,4,0.3579999999999899,26
2021,6,True,False,False,False,False,perez,6,1,815.0,11,PER,Sergio,Pérez,http://en.wikipedia.org/wiki/Sergio_P%C3%A9rez,70375.0,1057.0,69,3,3,1,73.0,Azerbaijan Grand Prix,12:00:00,2021-06-04,\N,2021-06-04,\N,2021-06-05,\N,2021-06-05,\N,\N,\N,149,2,1,0.6989999999999981,31
2021,6,True,False,False,False,False,tsunoda,7,7,852.0,22,TSU,Yuki,Tsunoda,http://en.wikipedia.org/wiki/Yuki_Tsunoda,70379.0,1057.0,8,14,14,0,73.0,Azerbaijan Grand Prix,12:00:00,2021-06-04,\N,2021-06-04,\N,2021-06-05,\N,2021-06-05,\N,\N,\N,18,0,6,0.992999999999995,21
2021,6,True,False,False,False,False,alonso,8,6,4.0,14,ALO,Fernando,Alonso,http://en.wikipedia.org/wiki/Fernando_Alonso,70389.0,1057.0,13,11,11,0,73.0,Azerbaijan Grand Prix,12:00:00,2021-06-04,\N,2021-06-04,\N,2021-06-05,\N,2021-06-05,\N,\N,\N,17,0,7,1.1089999999999947,39
2021,6,True,False,False,False,False,norris,9,5,846.0,4,NOR,Lando,Norris,http://en.wikipedia.org/wiki/Lando_Norris,70374.0,1057.0,66,4,4,0,73.0,Azerbaijan Grand Prix,12:00:00,2021-06-04,\N,2021-06-04,\N,2021-06-05,\N,2021-06-05,\N,\N,\N,80,0,3,0.5289999999999964,21
2021,6,True,False,False,False,False,bottas,10,12,822.0,77,BOT,Valtteri,Bottas,http://en.wikipedia.org/wiki/Valtteri_Bottas,70373.0,1057.0,47,6,6,0,73.0,Azerbaijan Grand Prix,12:00:00,2021-06-04,\N,2021-06-04,\N,2021-06-05,\N,2021-06-05,\N,\N,\N,148,3,2,1.4409999999999883,31
2021,6,True,False,False,False,False,vettel,11,2,20.0,5,VET,Sebastian,Vettel,http://en.wikipedia.org/wiki/Sebastian_Vettel,70385.0,1057.0,28,9,9,0,73.0,Azerbaijan Grand Prix,12:00:00,2021-06-04,\N,2021-06-04,\N,2021-06-05,\N,2021-06-05,\N,\N,\N,19,0,5,1.005999999999986,33
2021,6,True,False,False,False,False,ocon,12,20,839.0,31,OCO,Esteban,Ocon,http://en.wikipedia.org/wiki/Esteban_Ocon,70383.0,1057.0,12,12,12,0,73.0,Azerbaijan Grand Prix,12:00:00,2021-06-04,\N,2021-06-04,\N,2021-06-05,\N,2021-06-05,\N,\N,\N,17,0,7,1.0549999999999926,24
2021,6,True,False,False,False,False,ricciardo,13,9,817.0,3,RIC,Daniel,Ricciardo,http://en.wikipedia.org/wiki/Daniel_Ricciardo,70377.0,1057.0,26,10,10,0,73.0,Azerbaijan Grand Prix,12:00:00,2021-06-04,\N,2021-06-04,\N,2021-06-05,\N,2021-06-05,\N,\N,\N,80,0,3,1.3399999999999892,31
2021,6,True,False,False,False,False,raikkonen,14,10,8.0,7,RAI,Kimi,Räikkönen,http://en.wikipedia.org/wiki/Kimi_R%C3%A4ikk%C3%B6nen,70381.0,1057.0,1,15,15,0,73.0,Azerbaijan Grand Prix,12:00:00,2021-06-04,\N,2021-06-04,\N,2021-06-05,\N,2021-06-05,\N,\N,\N,1,0,8,1.3689999999999998,41
2021,6,True,False,False,False,False,russell,15,17,847.0,63,RUS,George,Russell,http://en.wikipedia.org/wiki/George_Russell_%28racing_driver%29,70384.0,1057.0,0,18,18,0,73.0,Azerbaijan Grand Prix,12:00:00,2021-06-04,\N,2021-06-04,\N,2021-06-05,\N,2021-06-05,\N,\N,\N,0,0,9,1.5400000000000063,23
2021,6,True,False,False,False,False,latifi,16,16,849.0,6,LAT,Nicholas,Latifi,http://en.wikipedia.org/wiki/Nicholas_Latifi,70388.0,1057.0,0,20,20,0,73.0,Azerbaijan Grand Prix,12:00:00,2021-06-04,\N,2021-06-04,\N,2021-06-05,\N,2021-06-05,\N,\N,\N,0,0,9,1.9099999999999966,25
2021,6,True,False,False,False,False,mick_schumacher,17,13,854.0,47,MSC,Mick,Schumacher,http://en.wikipedia.org/wiki/Mick_Schumacher,70386.0,1057.0,0,17,17,0,73.0,Azerbaijan Grand Prix,12:00:00,2021-06-04,\N,2021-06-04,\N,2021-06-05,\N,2021-06-05,\N,\N,\N,0,0,10,2.9399999999999977,22
2021,6,True,False,False,False,False,mazepin,18,14,853.0,9,MAZ,Nikita,Mazepin,http://en.wikipedia.org/wiki/Nikita_Mazepin,70390.0,1057.0,0,19,19,0,73.0,Azerbaijan Grand Prix,12:00:00,2021-06-04,\N,2021-06-04,\N,2021-06-05,\N,2021-06-05,\N,\N,\N,0,0,10,3.019999999999996,22
2021,7,False,False,False,False,False,max_verstappen,1,1,830.0,33,VER,Max,Verstappen,http://en.wikipedia.org/wiki/Max_Verstappen,70392.0,1059.0,131,1,1,3,34.0,French Grand Prix,13:00:00,2021-06-18,\N,2021-06-18,\N,2021-06-19,\N,2021-06-19,\N,\N,\N,174,3,1,0.0,23
2021,7,False,False,False,False,False,hamilton,2,2,1.0,44,HAM,Lewis,Hamilton,http://en.wikipedia.org/wiki/Lewis_Hamilton,70391.0,1059.0,119,2,2,3,34.0,French Grand Prix,13:00:00,2021-06-18,\N,2021-06-18,\N,2021-06-19,\N,2021-06-19,\N,\N,\N,148,3,2,0.2580000000000098,36
2021,7,False,False,False,False,False,bottas,3,4,822.0,77,BOT,Valtteri,Bottas,http://en.wikipedia.org/wiki/Valtteri_Bottas,70393.0,1059.0,59,5,5,0,34.0,French Grand Prix,13:00:00,2021-06-18,\N,2021-06-18,\N,2021-06-19,\N,2021-06-19,\N,\N,\N,148,3,2,0.3860000000000099,31
2021,7,False,False,False,False,False,perez,4,3,815.0,11,PER,Sergio,Pérez,http://en.wikipedia.org/wiki/Sergio_P%C3%A9rez,70395.0,1059.0,84,3,3,1,34.0,French Grand Prix,13:00:00,2021-06-18,\N,2021-06-18,\N,2021-06-19,\N,2021-06-19,\N,\N,\N,174,3,1,0.4549999999999983,31
2021,7,False,False,False,False,False,sainz,5,11,832.0,55,SAI,Carlos,Sainz,http://en.wikipedia.org/wiki/Carlos_Sainz_Jr.,70398.0,1059.0,42,7,7,0,34.0,French Grand Prix,13:00:00,2021-06-18,\N,2021-06-18,\N,2021-06-19,\N,2021-06-19,\N,\N,\N,94,0,3,0.8500000000000085,26
2021,7,False,False,False,False,False,gasly,6,7,842.0,10,GAS,Pierre,Gasly,http://en.wikipedia.org/wiki/Pierre_Gasly,70407.0,1059.0,37,8,8,0,34.0,French Grand Prix,13:00:00,2021-06-18,\N,2021-06-18,\N,2021-06-19,\N,2021-06-19,\N,\N,\N,39,0,5,0.8780000000000001,25
2021,7,False,False,False,False,False,leclerc,7,16,844.0,16,LEC,Charles,Leclerc,http://en.wikipedia.org/wiki/Charles_Leclerc,70396.0,1059.0,52,6,6,0,34.0,French Grand Prix,13:00:00,2021-06-18,\N,2021-06-18,\N,2021-06-19,\N,2021-06-19,\N,\N,\N,94,0,3,0.9969999999999999,23
2021,7,False,False,False,False,False,norris,8,5,846.0,4,NOR,Lando,Norris,http://en.wikipedia.org/wiki/Lando_Norris,70394.0,1059.0,76,4,4,0,34.0,French Grand Prix,13:00:00,2021-06-18,\N,2021-06-18,\N,2021-06-19,\N,2021-06-19,\N,\N,\N,92,0,4,1.2620000000000005,21
2021,7,False,False,False,False,False,alonso,9,8,4.0,14,ALO,Fernando,Alonso,http://en.wikipedia.org/wiki/Fernando_Alonso,70409.0,1059.0,17,11,11,0,34.0,French Grand Prix,13:00:00,2021-06-18,\N,2021-06-18,\N,2021-06-19,\N,2021-06-19,\N,\N,\N,25,0,7,1.3500000000000085,39
2021,7,False,False,False,False,False,ricciardo,10,6,817.0,3,RIC,Daniel,Ricciardo,http://en.wikipedia.org/wiki/Daniel_Ricciardo,70397.0,1059.0,34,9,9,0,34.0,French Grand Prix,13:00:00,2021-06-18,\N,2021-06-18,\N,2021-06-19,\N,2021-06-19,\N,\N,\N,92,0,4,1.3920000000000101,31
2021,7,False,False,False,False,False,ocon,11,14,839.0,31,OCO,Esteban,Ocon,http://en.wikipedia.org/wiki/Esteban_Ocon,70403.0,1059.0,12,12,12,0,34.0,French Grand Prix,13:00:00,2021-06-18,\N,2021-06-18,\N,2021-06-19,\N,2021-06-19,\N,\N,\N,25,0,7,1.7460000000000093,24
2021,7,False,False,False,False,False,vettel,12,9,20.0,5,VET,Sebastian,Vettel,http://en.wikipedia.org/wiki/Sebastian_Vettel,70405.0,1059.0,30,10,10,0,34.0,French Grand Prix,13:00:00,2021-06-18,\N,2021-06-18,\N,2021-06-19,\N,2021-06-19,\N,\N,\N,37,0,6,1.777000000000001,33
2021,7,False,False,False,False,False,giovinazzi,13,15,841.0,99,GIO,Antonio,Giovinazzi,http://en.wikipedia.org/wiki/Antonio_Giovinazzi,70402.0,1059.0,1,16,16,0,34.0,French Grand Prix,13:00:00,2021-06-18,\N,2021-06-18,\N,2021-06-19,\N,2021-06-19,\N,\N,\N,2,0,8,1.8230000000000075,27
2021,7,False,False,False,False,False,russell,14,12,847.0,63,RUS,George,Russell,http://en.wikipedia.org/wiki/George_Russell_%28racing_driver%29,70404.0,1059.0,0,17,17,0,34.0,French Grand Prix,13:00:00,2021-06-18,\N,2021-06-18,\N,2021-06-19,\N,2021-06-19,\N,\N,\N,0,0,10,2.075000000000003,23
2021,7,False,False,False,False,False,latifi,16,18,849.0,6,LAT,Nicholas,Latifi,http://en.wikipedia.org/wiki/Nicholas_Latifi,70408.0,1059.0,0,20,20,0,34.0,French Grand Prix,13:00:00,2021-06-18,\N,2021-06-18,\N,2021-06-19,\N,2021-06-19,\N,\N,\N,0,0,10,3.0720000000000027,25
2021,7,False,False,False,False,False,raikkonen,17,17,8.0,7,RAI,Kimi,Räikkönen,http://en.wikipedia.org/wiki/Kimi_R%C3%A4ikk%C3%B6nen,70401.0,1059.0,1,15,15,0,34.0,French Grand Prix,13:00:00,2021-06-18,\N,2021-06-18,\N,2021-06-19,\N,2021-06-19,\N,\N,\N,2,0,8,3.3640000000000043,41
2021,7,False,False,False,False,False,mazepin,18,20,853.0,9,MAZ,Nikita,Mazepin,http://en.wikipedia.org/wiki/Nikita_Mazepin,70410.0,1059.0,0,19,19,0,34.0,French Grand Prix,13:00:00,2021-06-18,\N,2021-06-18,\N,2021-06-19,\N,2021-06-19,\N,\N,\N,0,0,9,3.564000000000007,22
2021,7,False,False,False,False,False,stroll,19,10,840.0,18,STR,Lance,Stroll,http://en.wikipedia.org/wiki/Lance_Stroll,70400.0,1059.0,10,13,13,0,34.0,French Grand Prix,13:00:00,2021-06-18,\N,2021-06-18,\N,2021-06-19,\N,2021-06-19,\N,\N,\N,37,0,6,42.59400000000001,22
2021,8,False,False,False,False,False,max_verstappen,1,1,830.0,33,VER,Max,Verstappen,http://en.wikipedia.org/wiki/Max_Verstappen,70412.0,1058.0,156,1,1,4,70.0,Styrian Grand Prix,13:00:00,2021-06-25,\N,2021-06-25,\N,2021-06-26,\N,2021-06-26,\N,\N,\N,215,4,1,0.0,23
2021,8,False,False,False,False,False,hamilton,2,2,1.0,44,HAM,Lewis,Hamilton,http://en.wikipedia.org/wiki/Lewis_Hamilton,70411.0,1058.0,138,2,2,3,70.0,Styrian Grand Prix,13:00:00,2021-06-25,\N,2021-06-25,\N,2021-06-26,\N,2021-06-26,\N,\N,\N,178,3,2,0.2260000000000062,36
2021,8,False,False,False,False,False,norris,3,5,846.0,4,NOR,Lando,Norris,http://en.wikipedia.org/wiki/Lando_Norris,70414.0,1058.0,86,4,4,0,70.0,Styrian Grand Prix,13:00:00,2021-06-25,\N,2021-06-25,\N,2021-06-26,\N,2021-06-26,\N,\N,\N,110,0,3,0.27900000000000347,21
2021,8,False,False,False,False,False,perez,4,4,815.0,11,PER,Sergio,Pérez,http://en.wikipedia.org/wiki/Sergio_P%C3%A9rez,70415.0,1058.0,96,3,3,1,70.0,Styrian Grand Prix,13:00:00,2021-06-25,\N,2021-06-25,\N,2021-06-26,\N,2021-06-26,\N,\N,\N,215,4,1,0.3270000000000053,31
2021,8,False,False,False,False,False,bottas,5,3,822.0,77,BOT,Valtteri,Bottas,http://en.wikipedia.org/wiki/Valtteri_Bottas,70413.0,1058.0,74,5,5,0,70.0,Styrian Grand Prix,13:00:00,2021-06-25,\N,2021-06-25,\N,2021-06-26,\N,2021-06-26,\N,\N,\N,178,3,2,0.1939999999999955,31
2021,8,False,False,False,False,False,gasly,6,20,842.0,10,GAS,Pierre,Gasly,http://en.wikipedia.org/wiki/Pierre_Gasly,70427.0,1058.0,37,8,8,0,70.0,Styrian Grand Prix,13:00:00,2021-06-25,\N,2021-06-25,\N,2021-06-26,\N,2021-06-26,\N,\N,\N,45,0,5,0.3950000000000031,25
2021,8,False,False,False,False,False,leclerc,7,7,844.0,16,LEC,Charles,Leclerc,http://en.wikipedia.org/wiki/Charles_Leclerc,70416.0,1058.0,58,6,6,0,70.0,Styrian Grand Prix,13:00:00,2021-06-25,\N,2021-06-25,\N,2021-06-26,\N,2021-06-26,\N,\N,\N,94,0,4,0.6309999999999931,23
2021,8,False,False,False,False,False,alonso,8,9,4.0,14,ALO,Fernando,Alonso,http://en.wikipedia.org/wiki/Fernando_Alonso,70429.0,1058.0,19,11,11,0,70.0,Styrian Grand Prix,13:00:00,2021-06-25,\N,2021-06-25,\N,2021-06-26,\N,2021-06-26,\N,\N,\N,29,0,7,0.732999999999997,39
2021,8,False,False,False,False,False,stroll,9,8,840.0,18,STR,Lance,Stroll,http://en.wikipedia.org/wiki/Lance_Stroll,70420.0,1058.0,14,12,12,0,70.0,Styrian Grand Prix,13:00:00,2021-06-25,\N,2021-06-25,\N,2021-06-26,\N,2021-06-26,\N,\N,\N,40,0,6,0.8669999999999973,22
2021,8,False,False,False,False,False,russell,10,19,847.0,63,RUS,George,Russell,http://en.wikipedia.org/wiki/George_Russell_%28racing_driver%29,70424.0,1058.0,0,17,17,0,70.0,Styrian Grand Prix,13:00:00,2021-06-25,\N,2021-06-25,\N,2021-06-26,\N,2021-06-26,\N,\N,\N,0,0,9,0.8300000000000054,23
2021,8,False,False,False,False,False,tsunoda,11,10,852.0,22,TSU,Yuki,Tsunoda,http://en.wikipedia.org/wiki/Yuki_Tsunoda,70419.0,1058.0,9,14,14,0,70.0,Styrian Grand Prix,13:00:00,2021-06-25,\N,2021-06-25,\N,2021-06-26,\N,2021-06-26,\N,\N,\N,45,0,5,0.6729999999999947,21
2021,8,False,False,False,False,False,sainz,12,6,832.0,55,SAI,Carlos,Sainz,http://en.wikipedia.org/wiki/Carlos_Sainz_Jr.,70418.0,1058.0,50,7,7,0,70.0,Styrian Grand Prix,13:00:00,2021-06-25,\N,2021-06-25,\N,2021-06-26,\N,2021-06-26,\N,\N,\N,94,0,4,0.9589999999999961,26
2021,8,False,False,False,False,False,ricciardo,13,13,817.0,3,RIC,Daniel,Ricciardo,http://en.wikipedia.org/wiki/Daniel_Ricciardo,70417.0,1058.0,34,9,9,0,70.0,Styrian Grand Prix,13:00:00,2021-06-25,\N,2021-06-25,\N,2021-06-26,\N,2021-06-26,\N,\N,\N,110,0,3,0.9669999999999916,31
2021,8,False,False,False,False,False,vettel,14,12,20.0,5,VET,Sebastian,Vettel,http://en.wikipedia.org/wiki/Sebastian_Vettel,70425.0,1058.0,30,10,10,0,70.0,Styrian Grand Prix,13:00:00,2021-06-25,\N,2021-06-25,\N,2021-06-26,\N,2021-06-26,\N,\N,\N,40,0,6,1.033999999999999,33
2021,8,False,False,False,False,False,giovinazzi,15,15,841.0,99,GIO,Antonio,Giovinazzi,http://en.wikipedia.org/wiki/Antonio_Giovinazzi,70422.0,1058.0,1,16,16,0,70.0,Styrian Grand Prix,13:00:00,2021-06-25,\N,2021-06-25,\N,2021-06-26,\N,2021-06-26,\N,\N,\N,2,0,8,1.0719999999999956,27
2021,8,False,False,False,False,False,latifi,16,17,849.0,6,LAT,Nicholas,Latifi,http://en.wikipedia.org/wiki/Nicholas_Latifi,70428.0,1058.0,0,20,20,0,70.0,Styrian Grand Prix,13:00:00,2021-06-25,\N,2021-06-25,\N,2021-06-26,\N,2021-06-26,\N,\N,\N,0,0,9,1.333999999999996,25
2021,8,False,False,False,False,False,ocon,17,14,839.0,31,OCO,Esteban,Ocon,http://en.wikipedia.org/wiki/Esteban_Ocon,70423.0,1058.0,12,13,13,0,70.0,Styrian Grand Prix,13:00:00,2021-06-25,\N,2021-06-25,\N,2021-06-26,\N,2021-06-26,\N,\N,\N,29,0,7,1.3759999999999977,24
2021,8,False,False,False,False,False,raikkonen,18,11,8.0,7,RAI,Kimi,Räikkönen,http://en.wikipedia.org/wiki/Kimi_R%C3%A4ikk%C3%B6nen,70421.0,1058.0,1,15,15,0,70.0,Styrian Grand Prix,13:00:00,2021-06-25,\N,2021-06-25,\N,2021-06-26,\N,2021-06-26,\N,\N,\N,2,0,8,1.588000000000001,41
2021,8,False,False,False,False,False,mick_schumacher,19,16,854.0,47,MSC,Mick,Schumacher,http://en.wikipedia.org/wiki/Mick_Schumacher,70426.0,1058.0,0,18,18,0,70.0,Styrian Grand Prix,13:00:00,2021-06-25,\N,2021-06-25,\N,2021-06-26,\N,2021-06-26,\N,\N,\N,0,0,10,2.1999999999999957,22
2021,8,False,False,False,False,False,mazepin,20,18,853.0,9,MAZ,Nikita,Mazepin,http://en.wikipedia.org/wiki/Nikita_Mazepin,70430.0,1058.0,0,19,19,0,70.0,Styrian Grand Prix,13:00:00,2021-06-25,\N,2021-06-25,\N,2021-06-26,\N,2021-06-26,\N,\N,\N,0,0,10,2.351000000000006,22
2021,9,False,False,False,False,True,max_verstappen,1,1,830.0,33,VER,Max,Verstappen,http://en.wikipedia.org/wiki/Max_Verstappen,70452.0,1060.0,182,1,1,5,70.0,Austrian Grand Prix,13:00:00,2021-07-02,\N,2021-07-02,\N,2021-07-03,\N,2021-07-03,\N,\N,\N,252,5,1,0.0,23
2021,9,False,False,False,False,True,norris,2,3,846.0,4,NOR,Lando,Norris,http://en.wikipedia.org/wiki/Lando_Norris,70454.0,1060.0,101,4,4,0,70.0,Austrian Grand Prix,13:00:00,2021-07-02,\N,2021-07-02,\N,2021-07-03,\N,2021-07-03,\N,\N,\N,120,0,3,0.04800000000000182,21
2021,9,False,False,False,False,True,perez,3,6,815.0,11,PER,Sergio,Pérez,http://en.wikipedia.org/wiki/Sergio_P%C3%A9rez,70455.0,1060.0,104,3,3,1,70.0,Austrian Grand Prix,13:00:00,2021-07-02,\N,2021-07-02,\N,2021-07-03,\N,2021-07-03,\N,\N,\N,252,5,1,0.2700000000000031,31
2021,9,False,False,False,False,True,hamilton,4,4,1.0,44,HAM,Lewis,Hamilton,http://en.wikipedia.org/wiki/Lewis_Hamilton,70451.0,1060.0,150,2,2,3,70.0,Austrian Grand Prix,13:00:00,2021-07-02,\N,2021-07-02,\N,2021-07-03,\N,2021-07-03,\N,\N,\N,212,3,2,0.29399999999999693,36
2021,9,False,False,False,False,True,bottas,5,2,822.0,77,BOT,Valtteri,Bottas,http://en.wikipedia.org/wiki/Valtteri_Bottas,70453.0,1060.0,92,5,5,0,70.0,Austrian Grand Prix,13:00:00,2021-07-02,\N,2021-07-02,\N,2021-07-03,\N,2021-07-03,\N,\N,\N,212,3,2,0.32900000000000773,31
2021,9,False,False,False,False,True,gasly,6,9,842.0,10,GAS,Pierre,Gasly,http://en.wikipedia.org/wiki/Pierre_Gasly,70467.0,1060.0,39,9,9,0,70.0,Austrian Grand Prix,13:00:00,2021-07-02,\N,2021-07-02,\N,2021-07-03,\N,2021-07-03,\N,\N,\N,46,0,5,0.38700000000000045,25
2021,9,False,False,False,False,True,tsunoda,7,12,852.0,22,TSU,Yuki,Tsunoda,http://en.wikipedia.org/wiki/Yuki_Tsunoda,70459.0,1060.0,9,14,14,0,70.0,Austrian Grand Prix,13:00:00,2021-07-02,\N,2021-07-02,\N,2021-07-03,\N,2021-07-03,\N,\N,\N,46,0,5,0.5529999999999973,21
2021,9,False,False,False,False,True,russell,8,11,847.0,63,RUS,George,Russell,http://en.wikipedia.org/wiki/George_Russell_%28racing_driver%29,70464.0,1060.0,0,17,17,0,70.0,Austrian Grand Prix,13:00:00,2021-07-02,\N,2021-07-02,\N,2021-07-03,\N,2021-07-03,\N,\N,\N,0,0,9,0.8709999999999951,23
2021,9,False,False,False,False,True,stroll,9,13,840.0,18,STR,Lance,Stroll,http://en.wikipedia.org/wiki/Lance_Stroll,70460.0,1060.0,14,12,12,0,70.0,Austrian Grand Prix,13:00:00,2021-07-02,\N,2021-07-02,\N,2021-07-03,\N,2021-07-03,\N,\N,\N,44,0,6,0.8979999999999961,22
2021,9,False,False,False,False,True,sainz,10,5,832.0,55,SAI,Carlos,Sainz,http://en.wikipedia.org/wiki/Carlos_Sainz_Jr.,70458.0,1060.0,60,7,7,0,70.0,Austrian Grand Prix,13:00:00,2021-07-02,\N,2021-07-02,\N,2021-07-03,\N,2021-07-03,\N,\N,\N,108,0,4,0.8389999999999986,26
2021,9,False,False,False,False,True,vettel,11,17,20.0,5,VET,Sebastian,Vettel,http://en.wikipedia.org/wiki/Sebastian_Vettel,70465.0,1060.0,30,10,10,0,70.0,Austrian Grand Prix,13:00:00,2021-07-02,\N,2021-07-02,\N,2021-07-03,\N,2021-07-03,\N,\N,\N,44,0,6,0.8499999999999943,34
2021,9,False,False,False,False,True,leclerc,12,8,844.0,16,LEC,Charles,Leclerc,http://en.wikipedia.org/wiki/Charles_Leclerc,70456.0,1060.0,62,6,6,0,70.0,Austrian Grand Prix,13:00:00,2021-07-02,\N,2021-07-02,\N,2021-07-03,\N,2021-07-03,\N,\N,\N,108,0,4,0.8799999999999955,23
2021,9,False,False,False,False,True,ricciardo,13,7,817.0,3,RIC,Daniel,Ricciardo,http://en.wikipedia.org/wiki/Daniel_Ricciardo,70457.0,1060.0,40,8,8,0,70.0,Austrian Grand Prix,13:00:00,2021-07-02,\N,2021-07-02,\N,2021-07-03,\N,2021-07-03,\N,\N,\N,120,0,3,0.9989999999999952,32
2021,9,False,False,False,False,True,alonso,14,10,4.0,14,ALO,Fernando,Alonso,http://en.wikipedia.org/wiki/Fernando_Alonso,70469.0,1060.0,20,11,11,0,70.0,Austrian Grand Prix,13:00:00,2021-07-02,\N,2021-07-02,\N,2021-07-03,\N,2021-07-03,\N,\N,\N,31,0,7,1.1359999999999957,39
2021,9,False,False,False,False,True,giovinazzi,15,14,841.0,99,GIO,Antonio,Giovinazzi,http://en.wikipedia.org/wiki/Antonio_Giovinazzi,70462.0,1060.0,1,16,16,0,70.0,Austrian Grand Prix,13:00:00,2021-07-02,\N,2021-07-02,\N,2021-07-03,\N,2021-07-03,\N,\N,\N,2,0,8,1.3629999999999995,27
2021,9,False,False,False,False,True,raikkonen,16,15,8.0,7,RAI,Kimi,Räikkönen,http://en.wikipedia.org/wiki/Kimi_R%C3%A4ikk%C3%B6nen,70461.0,1060.0,1,15,15,0,70.0,Austrian Grand Prix,13:00:00,2021-07-02,\N,2021-07-02,\N,2021-07-03,\N,2021-07-03,\N,\N,\N,2,0,8,1.2890000000000015,41
2021,9,False,False,False,False,True,ocon,17,20,839.0,31,OCO,Esteban,Ocon,http://en.wikipedia.org/wiki/Esteban_Ocon,70463.0,1060.0,12,13,13,0,70.0,Austrian Grand Prix,13:00:00,2021-07-02,\N,2021-07-02,\N,2021-07-03,\N,2021-07-03,\N,\N,\N,31,0,7,1.331000000000003,24
2021,9,False,False,False,False,True,latifi,18,16,849.0,6,LAT,Nicholas,Latifi,http://en.wikipedia.org/wiki/Nicholas_Latifi,70468.0,1060.0,0,20,20,0,70.0,Austrian Grand Prix,13:00:00,2021-07-02,\N,2021-07-02,\N,2021-07-03,\N,2021-07-03,\N,\N,\N,0,0,9,1.4749999999999943,26
2021,9,False,False,False,False,True,mick_schumacher,19,18,854.0,47,MSC,Mick,Schumacher,http://en.wikipedia.org/wiki/Mick_Schumacher,70466.0,1060.0,0,18,18,0,70.0,Austrian Grand Prix,13:00:00,2021-07-02,\N,2021-07-02,\N,2021-07-03,\N,2021-07-03,\N,\N,\N,0,0,10,1.7069999999999936,22
2021,9,False,False,False,False,True,mazepin,20,19,853.0,9,MAZ,Nikita,Mazepin,http://en.wikipedia.org/wiki/Nikita_Mazepin,70470.0,1060.0,0,19,19,0,70.0,Austrian Grand Prix,13:00:00,2021-07-02,\N,2021-07-02,\N,2021-07-03,\N,2021-07-03,\N,\N,\N,0,0,10,2.2309999999999945,22
2021,11,False,False,False,True,False,hamilton,1,2,1.0,44,HAM,Lewis,Hamilton,http://en.wikipedia.org/wiki/Lewis_Hamilton,70511.0,1062.0,195,1,1,4,11.0,Hungarian Grand Prix,13:00:00,2021-07-30,\N,2021-07-30,\N,2021-07-31,\N,2021-07-31,\N,\N,\N,285,4,2,0.0,36
2021,11,False,False,False,True,False,bottas,2,16,822.0,77,BOT,Valtteri,Bottas,http://en.wikipedia.org/wiki/Valtteri_Bottas,70513.0,1062.0,108,4,4,0,11.0,Hungarian Grand Prix,13:00:00,2021-07-30,\N,2021-07-30,\N,2021-07-31,\N,2021-07-31,\N,\N,\N,285,4,2,0.3149999999999977,31
2021,11,False,False,False,True,False,max_verstappen,3,9,830.0,33,VER,Max,Verstappen,http://en.wikipedia.org/wiki/Max_Verstappen,70512.0,1062.0,187,2,2,5,11.0,Hungarian Grand Prix,13:00:00,2021-07-30,\N,2021-07-30,\N,2021-07-31,\N,2021-07-31,\N,\N,\N,289,6,1,0.4210000000000065,23
2021,11,False,False,False,True,False,perez,4,17,815.0,11,PER,Sergio,Pérez,http://en.wikipedia.org/wiki/Sergio_P%C3%A9rez,70515.0,1062.0,104,5,5,1,11.0,Hungarian Grand Prix,13:00:00,2021-07-30,\N,2021-07-30,\N,2021-07-31,\N,2021-07-31,\N,\N,\N,289,6,1,1.0019999999999953,31
2021,11,False,False,False,True,False,gasly,5,5,842.0,10,GAS,Pierre,Gasly,http://en.wikipedia.org/wiki/Pierre_Gasly,70527.0,1062.0,50,8,8,0,11.0,Hungarian Grand Prix,13:00:00,2021-07-30,\N,2021-07-30,\N,2021-07-31,\N,2021-07-31,\N,\N,\N,49,0,5,1.0640000000000072,25
2021,11,False,False,False,True,False,norris,6,15,846.0,4,NOR,Lando,Norris,http://en.wikipedia.org/wiki/Lando_Norris,70514.0,1062.0,113,3,3,0,11.0,Hungarian Grand Prix,13:00:00,2021-07-30,\N,2021-07-30,\N,2021-07-31,\N,2021-07-31,\N,\N,\N,163,0,3,1.0700000000000074,21
2021,11,False,False,False,True,False,leclerc,7,18,844.0,16,LEC,Charles,Leclerc,http://en.wikipedia.org/wiki/Charles_Leclerc,70516.0,1062.0,80,7,7,0,11.0,Hungarian Grand Prix,13:00:00,2021-07-30,\N,2021-07-30,\N,2021-07-31,\N,2021-07-31,\N,\N,\N,148,0,4,1.0769999999999982,23
2021,11,False,False,False,True,False,ocon,8,1,839.0,31,OCO,Esteban,Ocon,http://en.wikipedia.org/wiki/Esteban_Ocon,70523.0,1062.0,39,10,10,1,11.0,Hungarian Grand Prix,13:00:00,2021-07-30,\N,2021-07-30,\N,2021-07-31,\N,2021-07-31,\N,\N,\N,40,0,7,1.2339999999999947,24
2021,11,False,False,False,True,False,alonso,9,4,4.0,14,ALO,Fernando,Alonso,http://en.wikipedia.org/wiki/Fernando_Alonso,70529.0,1062.0,38,11,11,0,11.0,Hungarian Grand Prix,13:00:00,2021-07-30,\N,2021-07-30,\N,2021-07-31,\N,2021-07-31,\N,\N,\N,40,0,7,1.2960000000000065,40
2021,11,False,False,False,True,False,vettel,10,20,20.0,5,VET,Sebastian,Vettel,http://en.wikipedia.org/wiki/Sebastian_Vettel,70525.0,1062.0,30,12,12,0,11.0,Hungarian Grand Prix,13:00:00,2021-07-30,\N,2021-07-30,\N,2021-07-31,\N,2021-07-31,\N,\N,\N,48,0,6,1.331000000000003,34
2021,11,False,False,False,True,False,ricciardo,11,11,817.0,3,RIC,Daniel,Ricciardo,http://en.wikipedia.org/wiki/Daniel_Ricciardo,70517.0,1062.0,50,9,9,0,11.0,Hungarian Grand Prix,13:00:00,2021-07-30,\N,2021-07-30,\N,2021-07-31,\N,2021-07-31,\N,\N,\N,163,0,3,1.4519999999999982,32
2021,11,False,False,False,True,False,stroll,12,19,840.0,18,STR,Lance,Stroll,http://en.wikipedia.org/wiki/Lance_Stroll,70520.0,1062.0,18,14,14,0,11.0,Hungarian Grand Prix,13:00:00,2021-07-30,\N,2021-07-30,\N,2021-07-31,\N,2021-07-31,\N,\N,\N,48,0,6,1.4740000000000038,22
2021,11,False,False,False,True,False,raikkonen,13,10,8.0,7,RAI,Kimi,Räikkönen,http://en.wikipedia.org/wiki/Kimi_R%C3%A4ikk%C3%B6nen,70521.0,1062.0,2,17,17,0,11.0,Hungarian Grand Prix,13:00:00,2021-07-30,\N,2021-07-30,\N,2021-07-31,\N,2021-07-31,\N,\N,\N,2,0,8,2.144999999999996,41
2021,11,False,False,False,True,False,tsunoda,16,6,852.0,22,TSU,Yuki,Tsunoda,http://en.wikipedia.org/wiki/Yuki_Tsunoda,70519.0,1062.0,18,13,13,0,11.0,Hungarian Grand Prix,13:00:00,2021-07-30,\N,2021-07-30,\N,2021-07-31,\N,2021-07-31,\N,\N,\N,49,0,5,2.5,21
2021,11,False,False,False,True,False,russell,17,8,847.0,63,RUS,George,Russell,http://en.wikipedia.org/wiki/George_Russell_%28racing_driver%29,70524.0,1062.0,4,16,16,0,11.0,Hungarian Grand Prix,13:00:00,2021-07-30,\N,2021-07-30,\N,2021-07-31,\N,2021-07-31,\N,\N,\N,0,0,9,2.5250000000000057,23
2021,11,False,False,False,True,False,latifi,18,7,849.0,6,LAT,Nicholas,Latifi,http://en.wikipedia.org/wiki/Nicholas_Latifi,70528.0,1062.0,6,15,15,0,11.0,Hungarian Grand Prix,13:00:00,2021-07-30,\N,2021-07-30,\N,2021-07-31,\N,2021-07-31,\N,\N,\N,0,0,9,2.6170000000000044,26
2021,11,False,False,False,True,False,mazepin,19,14,853.0,9,MAZ,Nikita,Mazepin,http://en.wikipedia.org/wiki/Nikita_Mazepin,70530.0,1062.0,0,20,20,0,11.0,Hungarian Grand Prix,13:00:00,2021-07-30,\N,2021-07-30,\N,2021-07-31,\N,2021-07-31,\N,\N,\N,0,0,10,3.503,22
2021,12,False,False,False,True,False,max_verstappen,1,1,830.0,33,VER,Max,Verstappen,http://en.wikipedia.org/wiki/Max_Verstappen,70532.0,1063.0,199,2,2,6,13.0,Belgian Grand Prix,13:00:00,2021-08-27,\N,2021-08-27,\N,2021-08-28,\N,2021-08-28,\N,\N,\N,291,6,2,0.0,23
2021,12,False,False,False,True,False,russell,2,2,847.0,63,RUS,George,Russell,http://en.wikipedia.org/wiki/George_Russell_%28racing_driver%29,70544.0,1063.0,13,15,15,0,13.0,Belgian Grand Prix,13:00:00,2021-08-27,\N,2021-08-27,\N,2021-08-28,\N,2021-08-28,\N,\N,\N,10,0,8,0.32099999999999795,23
2021,12,False,False,False,True,False,hamilton,3,3,1.0,44,HAM,Lewis,Hamilton,http://en.wikipedia.org/wiki/Lewis_Hamilton,70531.0,1063.0,202,1,1,4,13.0,Belgian Grand Prix,13:00:00,2021-08-27,\N,2021-08-27,\N,2021-08-28,\N,2021-08-28,\N,\N,\N,303,4,1,0.3340000000000032,36
2021,12,False,False,False,True,False,ricciardo,4,4,817.0,3,RIC,Daniel,Ricciardo,http://en.wikipedia.org/wiki/Daniel_Ricciardo,70537.0,1063.0,56,8,8,0,13.0,Belgian Grand Prix,13:00:00,2021-08-27,\N,2021-08-27,\N,2021-08-28,\N,2021-08-28,\N,\N,\N,163,0,4,1.0990000000000038,32
2021,12,False,False,False,True,False,vettel,5,5,20.0,5,VET,Sebastian,Vettel,http://en.wikipedia.org/wiki/Sebastian_Vettel,70545.0,1063.0,35,12,12,0,13.0,Belgian Grand Prix,13:00:00,2021-08-27,\N,2021-08-27,\N,2021-08-28,\N,2021-08-28,\N,\N,\N,48,0,7,1.1700000000000017,34
2021,12,False,False,False,True,False,gasly,6,6,842.0,10,GAS,Pierre,Gasly,http://en.wikipedia.org/wiki/Pierre_Gasly,70547.0,1063.0,54,9,9,0,13.0,Belgian Grand Prix,13:00:00,2021-08-27,\N,2021-08-27,\N,2021-08-28,\N,2021-08-28,\N,\N,\N,68,0,6,1.399000000000001,25
2021,12,False,False,False,True,False,ocon,8,7,839.0,31,OCO,Esteban,Ocon,http://en.wikipedia.org/wiki/Esteban_Ocon,70543.0,1063.0,42,10,10,1,13.0,Belgian Grand Prix,13:00:00,2021-08-27,\N,2021-08-27,\N,2021-08-28,\N,2021-08-28,\N,\N,\N,77,1,5,3.7480000000000047,24
2021,12,False,False,False,True,False,leclerc,9,8,844.0,16,LEC,Charles,Leclerc,http://en.wikipedia.org/wiki/Charles_Leclerc,70536.0,1063.0,82,7,7,0,13.0,Belgian Grand Prix,13:00:00,2021-08-27,\N,2021-08-27,\N,2021-08-28,\N,2021-08-28,\N,\N,\N,163,0,3,-2.043999999999997,23
2021,12,False,False,False,True,False,latifi,10,9,849.0,6,LAT,Nicholas,Latifi,http://en.wikipedia.org/wiki/Nicholas_Latifi,70548.0,1063.0,7,16,16,0,13.0,Belgian Grand Prix,13:00:00,2021-08-27,\N,2021-08-27,\N,2021-08-28,\N,2021-08-28,\N,\N,\N,10,0,8,-1.7090000000000032,26
2021,12,False,False,False,True,False,sainz,11,10,832.0,55,SAI,Carlos,Sainz,http://en.wikipedia.org/wiki/Carlos_Sainz_Jr.,70538.0,1063.0,83,6,6,0,13.0,Belgian Grand Prix,13:00:00,2021-08-27,\N,2021-08-27,\N,2021-08-28,\N,2021-08-28,\N,\N,\N,163,0,3,-1.6280000000000001,26
2021,12,False,False,False,True,False,alonso,12,11,4.0,14,ALO,Fernando,Alonso,http://en.wikipedia.org/wiki/Fernando_Alonso,70549.0,1063.0,38,11,11,0,13.0,Belgian Grand Prix,13:00:00,2021-08-27,\N,2021-08-27,\N,2021-08-28,\N,2021-08-28,\N,\N,\N,77,1,5,-1.5600000000000023,40
2021,12,False,False,False,True,False,bottas,13,12,822.0,77,BOT,Valtteri,Bottas,http://en.wikipedia.org/wiki/Valtteri_Bottas,70533.0,1063.0,108,4,4,0,13.0,Belgian Grand Prix,13:00:00,2021-08-27,\N,2021-08-27,\N,2021-08-28,\N,2021-08-28,\N,\N,\N,303,4,1,2.7369999999999948,32
2021,12,False,False,False,True,False,giovinazzi,14,13,841.0,99,GIO,Antonio,Giovinazzi,http://en.wikipedia.org/wiki/Antonio_Giovinazzi,70542.0,1063.0,1,18,18,0,13.0,Belgian Grand Prix,13:00:00,2021-08-27,\N,2021-08-27,\N,2021-08-28,\N,2021-08-28,\N,\N,\N,3,0,9,2.540999999999997,27
2021,12,False,False,False,True,False,tsunoda,16,15,852.0,22,TSU,Yuki,Tsunoda,http://en.wikipedia.org/wiki/Yuki_Tsunoda,70539.0,1063.0,18,13,13,0,13.0,Belgian Grand Prix,13:00:00,2021-08-27,\N,2021-08-27,\N,2021-08-28,\N,2021-08-28,\N,\N,\N,68,0,6,2.647999999999996,21
2021,12,False,False,False,True,False,mick_schumacher,17,16,854.0,47,MSC,Mick,Schumacher,http://en.wikipedia.org/wiki/Mick_Schumacher,70546.0,1063.0,0,19,19,0,13.0,Belgian Grand Prix,13:00:00,2021-08-27,\N,2021-08-27,\N,2021-08-28,\N,2021-08-28,\N,\N,\N,0,0,10,4.207999999999998,22
2021,12,False,False,False,True,False,mazepin,18,17,853.0,9,MAZ,Nikita,Mazepin,http://en.wikipedia.org/wiki/Nikita_Mazepin,70550.0,1063.0,0,20,20,0,13.0,Belgian Grand Prix,13:00:00,2021-08-27,\N,2021-08-27,\N,2021-08-28,\N,2021-08-28,\N,\N,\N,0,0,10,5.173999999999992,22
2021,12,False,False,False,True,False,stroll,19,20,840.0,18,STR,Lance,Stroll,http://en.wikipedia.org/wiki/Lance_Stroll,70540.0,1063.0,18,14,14,0,13.0,Belgian Grand Prix,13:00:00,2021-08-27,\N,2021-08-27,\N,2021-08-28,\N,2021-08-28,\N,\N,\N,48,0,7,-1.534000000000006,22
2021,13,True,False,False,False,False,max_verstappen,1,1,830.0,33,VER,Max,Verstappen,http://en.wikipedia.org/wiki/Max_Verstappen,70552.0,1064.0,224,1,1,7,39.0,Dutch Grand Prix,13:00:00,2021-09-03,\N,2021-09-03,\N,2021-09-04,\N,2021-09-04,\N,\N,\N,0,7,2,0.0,23
2021,13,True,False,False,False,False,hamilton,2,2,1.0,44,HAM,Lewis,Hamilton,http://en.wikipedia.org/wiki/Lewis_Hamilton,70551.0,1064.0,221,2,2,4,39.0,Dutch Grand Prix,13:00:00,2021-09-03,\N,2021-09-03,\N,2021-09-04,\N,2021-09-04,\N,\N,\N,0,4,1,0.0379999999999967,36
2021,13,True,False,False,False,False,bottas,3,3,822.0,77,BOT,Valtteri,Bottas,http://en.wikipedia.org/wiki/Valtteri_Bottas,70553.0,1064.0,123,3,3,0,39.0,Dutch Grand Prix,13:00:00,2021-09-03,\N,2021-09-03,\N,2021-09-04,\N,2021-09-04,\N,\N,\N,0,4,1,0.3369999999999891,32
2021,13,True,False,False,False,False,gasly,4,4,842.0,10,GAS,Pierre,Gasly,http://en.wikipedia.org/wiki/Pierre_Gasly,70567.0,1064.0,66,8,8,0,39.0,Dutch Grand Prix,13:00:00,2021-09-03,\N,2021-09-03,\N,2021-09-04,\N,2021-09-04,\N,\N,\N,72,0,6,0.5929999999999893,25
2021,13,True,False,False,False,False,leclerc,5,5,844.0,16,LEC,Charles,Leclerc,http://en.wikipedia.org/wiki/Charles_Leclerc,70556.0,1064.0,92,6,6,0,39.0,Dutch Grand Prix,13:00:00,2021-09-03,\N,2021-09-03,\N,2021-09-04,\N,2021-09-04,\N,\N,\N,0,0,4,0.6419999999999959,23
2021,13,True,False,False,False,False,sainz,6,7,832.0,55,SAI,Carlos,Sainz,http://en.wikipedia.org/wiki/Carlos_Sainz_Jr.,70558.0,1064.0,89,7,7,0,39.0,Dutch Grand Prix,13:00:00,2021-09-03,\N,2021-09-03,\N,2021-09-04,\N,2021-09-04,\N,\N,\N,0,0,4,0.652000000000001,27
2021,13,True,False,False,False,False,giovinazzi,7,14,841.0,99,GIO,Antonio,Giovinazzi,http://en.wikipedia.org/wiki/Antonio_Giovinazzi,70562.0,1064.0,1,18,18,0,39.0,Dutch Grand Prix,13:00:00,2021-09-03,\N,2021-09-03,\N,2021-09-04,\N,2021-09-04,\N,\N,\N,3,0,9,0.7049999999999983,27
2021,13,True,False,False,False,False,ocon,8,9,839.0,31,OCO,Esteban,Ocon,http://en.wikipedia.org/wiki/Esteban_Ocon,70563.0,1064.0,44,11,11,1,39.0,Dutch Grand Prix,13:00:00,2021-09-03,\N,2021-09-03,\N,2021-09-04,\N,2021-09-04,\N,\N,\N,80,1,5,1.0479999999999876,24
2021,13,True,False,False,False,False,alonso,9,6,4.0,14,ALO,Fernando,Alonso,http://en.wikipedia.org/wiki/Fernando_Alonso,70569.0,1064.0,46,10,10,0,39.0,Dutch Grand Prix,13:00:00,2021-09-03,\N,2021-09-03,\N,2021-09-04,\N,2021-09-04,\N,\N,\N,80,1,5,1.070999999999998,40
2021,13,True,False,False,False,False,ricciardo,10,11,817.0,3,RIC,Daniel,Ricciardo,http://en.wikipedia.org/wiki/Daniel_Ricciardo,70557.0,1064.0,56,9,9,0,39.0,Dutch Grand Prix,13:00:00,2021-09-03,\N,2021-09-03,\N,2021-09-04,\N,2021-09-04,\N,\N,\N,169,0,3,1.2809999999999917,32
2021,13,True,False,False,False,False,russell,11,17,847.0,63,RUS,George,Russell,http://en.wikipedia.org/wiki/George_Russell_%28racing_driver%29,70564.0,1064.0,13,15,15,0,39.0,Dutch Grand Prix,13:00:00,2021-09-03,\N,2021-09-03,\N,2021-09-04,\N,2021-09-04,\N,\N,\N,20,0,8,1.4469999999999885,23
2021,13,True,False,False,False,False,stroll,12,12,840.0,18,STR,Lance,Stroll,http://en.wikipedia.org/wiki/Lance_Stroll,70560.0,1064.0,18,14,14,0,39.0,Dutch Grand Prix,13:00:00,2021-09-03,\N,2021-09-03,\N,2021-09-04,\N,2021-09-04,\N,\N,\N,53,0,7,1.4819999999999993,22
2021,13,True,False,False,False,False,norris,13,10,846.0,4,NOR,Lando,Norris,http://en.wikipedia.org/wiki/Lando_Norris,70554.0,1064.0,114,4,4,0,39.0,Dutch Grand Prix,13:00:00,2021-09-03,\N,2021-09-03,\N,2021-09-04,\N,2021-09-04,\N,\N,\N,169,0,3,1.5210000000000008,21
2021,13,True,False,False,False,False,tsunoda,14,19,852.0,22,TSU,Yuki,Tsunoda,http://en.wikipedia.org/wiki/Yuki_Tsunoda,70559.0,1064.0,18,13,13,0,39.0,Dutch Grand Prix,13:00:00,2021-09-03,\N,2021-09-03,\N,2021-09-04,\N,2021-09-04,\N,\N,\N,72,0,6,2.428999999999988,21
2021,13,True,False,False,False,False,vettel,15,13,20.0,5,VET,Sebastian,Vettel,http://en.wikipedia.org/wiki/Sebastian_Vettel,70565.0,1064.0,35,12,12,0,39.0,Dutch Grand Prix,13:00:00,2021-09-03,\N,2021-09-03,\N,2021-09-04,\N,2021-09-04,\N,\N,\N,53,0,7,1.8459999999999894,34
2021,13,True,False,False,False,False,kubica,16,15,9.0,88,KUB,Robert,Kubica,http://en.wikipedia.org/wiki/Robert_Kubica,70571.0,1064.0,0,21,21,0,39.0,Dutch Grand Prix,13:00:00,2021-09-03,\N,2021-09-03,\N,2021-09-04,\N,2021-09-04,\N,\N,\N,3,0,9,2.415999999999997,36
2021,13,True,False,False,False,False,mick_schumacher,17,18,854.0,47,MSC,Mick,Schumacher,http://en.wikipedia.org/wiki/Mick_Schumacher,70566.0,1064.0,0,19,19,0,39.0,Dutch Grand Prix,13:00:00,2021-09-03,\N,2021-09-03,\N,2021-09-04,\N,2021-09-04,\N,\N,\N,0,0,10,2.5019999999999953,22
2021,13,True,False,False,False,False,mazepin,18,20,853.0,9,MAZ,Nikita,Mazepin,http://en.wikipedia.org/wiki/Nikita_Mazepin,70570.0,1064.0,0,20,20,0,39.0,Dutch Grand Prix,13:00:00,2021-09-03,\N,2021-09-03,\N,2021-09-04,\N,2021-09-04,\N,\N,\N,0,0,10,2.989999999999995,22
2021,15,False,False,False,True,True,norris,1,7,846.0,4,NOR,Lando,Norris,http://en.wikipedia.org/wiki/Lando_Norris,70596.0,1066.0,139,4,4,0,71.0,Russian Grand Prix,12:00:00,2021-09-24,\N,2021-09-24,\N,2021-09-25,\N,2021-09-25,\N,\N,\N,215,1,3,0.0,21
2021,15,False,False,False,True,True,sainz,2,3,832.0,55,SAI,Carlos,Sainz,http://en.wikipedia.org/wiki/Carlos_Sainz_Jr.,70600.0,1066.0,112,6,6,0,71.0,Russian Grand Prix,12:00:00,2021-09-24,\N,2021-09-24,\N,2021-09-25,\N,2021-09-25,\N,\N,\N,0,0,4,0.5169999999999959,27
2021,15,False,False,False,True,True,russell,3,10,847.0,63,RUS,George,Russell,http://en.wikipedia.org/wiki/George_Russell_%28racing_driver%29,70606.0,1066.0,16,15,15,0,71.0,Russian Grand Prix,12:00:00,2021-09-24,\N,2021-09-24,\N,2021-09-25,\N,2021-09-25,\N,\N,\N,22,0,8,0.9900000000000091,23
2021,15,False,False,False,True,True,hamilton,4,1,1.0,44,HAM,Lewis,Hamilton,http://en.wikipedia.org/wiki/Lewis_Hamilton,70593.0,1066.0,246,1,1,5,71.0,Russian Grand Prix,12:00:00,2021-09-24,\N,2021-09-24,\N,2021-09-25,\N,2021-09-25,\N,\N,\N,0,4,1,2.057000000000002,36
2021,15,False,False,False,True,True,ricciardo,5,4,817.0,3,RIC,Daniel,Ricciardo,http://en.wikipedia.org/wiki/Daniel_Ricciardo,70599.0,1066.0,95,8,8,1,71.0,Russian Grand Prix,12:00:00,2021-09-24,\N,2021-09-24,\N,2021-09-25,\N,2021-09-25,\N,\N,\N,215,1,3,2.163000000000011,32
2021,15,False,False,False,True,True,alonso,6,6,4.0,14,ALO,Fernando,Alonso,http://en.wikipedia.org/wiki/Fernando_Alonso,70611.0,1066.0,58,10,10,0,71.0,Russian Grand Prix,12:00:00,2021-09-24,\N,2021-09-24,\N,2021-09-25,\N,2021-09-25,\N,\N,\N,95,1,5,2.2110000000000127,40
2021,15,False,False,False,True,True,stroll,7,11,840.0,18,STR,Lance,Stroll,http://en.wikipedia.org/wiki/Lance_Stroll,70602.0,1066.0,24,13,13,0,71.0,Russian Grand Prix,12:00:00,2021-09-24,\N,2021-09-24,\N,2021-09-25,\N,2021-09-25,\N,\N,\N,59,0,7,2.963000000000008,22
2021,15,False,False,False,True,True,perez,8,9,815.0,11,PER,Sergio,Pérez,http://en.wikipedia.org/wiki/Sergio_P%C3%A9rez,70597.0,1066.0,120,5,5,1,71.0,Russian Grand Prix,12:00:00,2021-09-24,\N,2021-09-24,\N,2021-09-25,\N,2021-09-25,\N,\N,\N,0,8,2,3.3440000000000083,31
2021,15,False,False,False,True,True,ocon,9,14,839.0,31,OCO,Esteban,Ocon,http://en.wikipedia.org/wiki/Esteban_Ocon,70605.0,1066.0,45,11,11,1,71.0,Russian Grand Prix,12:00:00,2021-09-24,\N,2021-09-24,\N,2021-09-25,\N,2021-09-25,\N,\N,\N,95,1,5,3.872000000000014,25
2021,15,False,False,False,True,True,vettel,10,12,20.0,5,VET,Sebastian,Vettel,http://en.wikipedia.org/wiki/Sebastian_Vettel,70607.0,1066.0,35,12,12,0,71.0,Russian Grand Prix,12:00:00,2021-09-24,\N,2021-09-24,\N,2021-09-25,\N,2021-09-25,\N,\N,\N,59,0,7,4.5800000000000125,34
2021,15,False,False,False,True,True,gasly,11,13,842.0,10,GAS,Pierre,Gasly,http://en.wikipedia.org/wiki/Pierre_Gasly,70609.0,1066.0,66,9,9,0,71.0,Russian Grand Prix,12:00:00,2021-09-24,\N,2021-09-24,\N,2021-09-25,\N,2021-09-25,\N,\N,\N,84,0,6,4.647999999999996,25
2021,15,False,False,False,True,True,tsunoda,12,17,852.0,22,TSU,Yuki,Tsunoda,http://en.wikipedia.org/wiki/Yuki_Tsunoda,70601.0,1066.0,18,14,14,0,71.0,Russian Grand Prix,12:00:00,2021-09-24,\N,2021-09-24,\N,2021-09-25,\N,2021-09-25,\N,\N,\N,84,0,6,4.75800000000001,21
2021,15,False,False,False,True,True,raikkonen,13,8,8.0,7,RAI,Kimi,Räikkönen,http://en.wikipedia.org/wiki/Kimi_R%C3%A4ikk%C3%B6nen,70603.0,1066.0,6,17,17,0,71.0,Russian Grand Prix,12:00:00,2021-09-24,\N,2021-09-24,\N,2021-09-25,\N,2021-09-25,\N,\N,\N,3,0,9,7.5930000000000035,41
2021,15,False,False,False,True,True,mick_schumacher,14,20,854.0,47,MSC,Mick,Schumacher,http://en.wikipedia.org/wiki/Mick_Schumacher,70608.0,1066.0,0,19,19,0,71.0,Russian Grand Prix,12:00:00,2021-09-24,\N,2021-09-24,\N,2021-09-25,\N,2021-09-25,\N,\N,\N,0,0,10,7.837000000000003,22
2021,15,False,False,False,True,True,mazepin,15,18,853.0,9,MAZ,Nikita,Mazepin,http://en.wikipedia.org/wiki/Nikita_Mazepin,70612.0,1066.0,0,21,21,0,71.0,Russian Grand Prix,12:00:00,2021-09-24,\N,2021-09-24,\N,2021-09-25,\N,2021-09-25,\N,\N,\N,0,0,10,11.771000000000015,22
2021,15,False,False,False,True,True,bottas,16,5,822.0,77,BOT,Valtteri,Bottas,http://en.wikipedia.org/wiki/Valtteri_Bottas,70595.0,1066.0,151,3,3,0,71.0,Russian Grand Prix,12:00:00,2021-09-24,\N,2021-09-24,\N,2021-09-25,\N,2021-09-25,\N,\N,\N,0,4,1,2.717000000000013,32
2021,15,False,False,False,True,True,giovinazzi,17,16,841.0,99,GIO,Antonio,Giovinazzi,http://en.wikipedia.org/wiki/Antonio_Giovinazzi,70604.0,1066.0,1,18,18,0,71.0,Russian Grand Prix,12:00:00,2021-09-24,\N,2021-09-24,\N,2021-09-25,\N,2021-09-25,\N,\N,\N,3,0,9,9.030000000000001,27
2021,16,False,False,False,True,True,bottas,1,1,822.0,77,BOT,Valtteri,Bottas,http://en.wikipedia.org/wiki/Valtteri_Bottas,70616.0,1067.0,177,3,3,1,5.0,Turkish Grand Prix,12:00:00,2021-10-08,\N,2021-10-08,\N,2021-10-09,\N,2021-10-09,\N,\N,\N,0,5,1,0.0,32
2021,16,False,False,False,True,True,max_verstappen,2,2,830.0,33,VER,Max,Verstappen,http://en.wikipedia.org/wiki/Max_Verstappen,70615.0,1067.0,262,1,1,7,5.0,Turkish Grand Prix,12:00:00,2021-10-08,\N,2021-10-08,\N,2021-10-09,\N,2021-10-09,\N,\N,\N,0,8,2,0.1979999999999933,24
2021,16,False,False,False,True,True,leclerc,3,4,844.0,16,LEC,Charles,Leclerc,http://en.wikipedia.org/wiki/Charles_Leclerc,70619.0,1067.0,116,7,7,0,5.0,Turkish Grand Prix,12:00:00,2021-10-08,\N,2021-10-08,\N,2021-10-09,\N,2021-10-09,\N,\N,\N,0,0,4,0.2669999999999959,23
2021,16,False,False,False,True,True,gasly,4,6,842.0,10,GAS,Pierre,Gasly,http://en.wikipedia.org/wiki/Pierre_Gasly,70630.0,1067.0,74,9,9,0,5.0,Turkish Grand Prix,12:00:00,2021-10-08,\N,2021-10-08,\N,2021-10-09,\N,2021-10-09,\N,\N,\N,84,0,6,0.32799999999998875,25
2021,16,False,False,False,True,True,alonso,5,16,4.0,14,ALO,Fernando,Alonso,http://en.wikipedia.org/wiki/Fernando_Alonso,70632.0,1067.0,58,10,10,0,5.0,Turkish Grand Prix,12:00:00,2021-10-08,\N,2021-10-08,\N,2021-10-09,\N,2021-10-09,\N,\N,\N,103,1,5,0.4789999999999992,40
2021,16,False,False,False,True,True,perez,6,3,815.0,11,PER,Sergio,Pérez,http://en.wikipedia.org/wiki/Sergio_P%C3%A9rez,70618.0,1067.0,135,5,5,1,5.0,Turkish Grand Prix,12:00:00,2021-10-08,\N,2021-10-08,\N,2021-10-09,\N,2021-10-09,\N,\N,\N,0,8,2,0.7079999999999984,31
2021,16,False,False,False,True,True,norris,7,7,846.0,4,NOR,Lando,Norris,http://en.wikipedia.org/wiki/Lando_Norris,70617.0,1067.0,145,4,4,0,5.0,Turkish Grand Prix,12:00:00,2021-10-08,\N,2021-10-08,\N,2021-10-09,\N,2021-10-09,\N,\N,\N,234,1,3,0.9560000000000031,21
2021,16,False,False,False,True,True,stroll,8,9,840.0,18,STR,Lance,Stroll,http://en.wikipedia.org/wiki/Lance_Stroll,70623.0,1067.0,26,13,13,0,5.0,Turkish Grand Prix,12:00:00,2021-10-08,\N,2021-10-08,\N,2021-10-09,\N,2021-10-09,\N,\N,\N,59,0,7,1.3070000000000022,22
2021,16,False,False,False,True,True,tsunoda,9,14,852.0,22,TSU,Yuki,Tsunoda,http://en.wikipedia.org/wiki/Yuki_Tsunoda,70622.0,1067.0,18,14,14,0,5.0,Turkish Grand Prix,12:00:00,2021-10-08,\N,2021-10-08,\N,2021-10-09,\N,2021-10-09,\N,\N,\N,84,0,6,1.3699999999999903,21
2021,16,False,False,False,True,True,vettel,10,18,20.0,5,VET,Sebastian,Vettel,http://en.wikipedia.org/wiki/Sebastian_Vettel,70628.0,1067.0,35,12,12,0,5.0,Turkish Grand Prix,12:00:00,2021-10-08,\N,2021-10-08,\N,2021-10-09,\N,2021-10-09,\N,\N,\N,59,0,7,1.796999999999997,34
2021,16,False,False,False,True,True,hamilton,11,5,1.0,44,HAM,Lewis,Hamilton,http://en.wikipedia.org/wiki/Lewis_Hamilton,70614.0,1067.0,256,2,2,5,5.0,Turkish Grand Prix,12:00:00,2021-10-08,\N,2021-10-08,\N,2021-10-09,\N,2021-10-09,\N,\N,\N,0,5,1,-0.13000000000000966,36
2021,16,False,False,False,True,True,ocon,12,10,839.0,31,OCO,Esteban,Ocon,http://en.wikipedia.org/wiki/Esteban_Ocon,70626.0,1067.0,46,11,11,1,5.0,Turkish Grand Prix,12:00:00,2021-10-08,\N,2021-10-08,\N,2021-10-09,\N,2021-10-09,\N,\N,\N,103,1,5,1.843999999999994,25
2021,16,False,False,False,True,True,russell,13,15,847.0,63,RUS,George,Russell,http://en.wikipedia.org/wiki/George_Russell_%28racing_driver%29,70627.0,1067.0,16,15,15,0,5.0,Turkish Grand Prix,12:00:00,2021-10-08,\N,2021-10-08,\N,2021-10-09,\N,2021-10-09,\N,\N,\N,23,0,8,2.0090000000000003,23
2021,16,False,False,False,True,True,mick_schumacher,14,19,854.0,47,MSC,Mick,Schumacher,http://en.wikipedia.org/wiki/Mick_Schumacher,70629.0,1067.0,0,19,19,0,5.0,Turkish Grand Prix,12:00:00,2021-10-08,\N,2021-10-08,\N,2021-10-09,\N,2021-10-09,\N,\N,\N,0,0,10,2.201999999999998,22
2021,16,False,False,False,True,True,latifi,15,17,849.0,6,LAT,Nicholas,Latifi,http://en.wikipedia.org/wiki/Nicholas_Latifi,70631.0,1067.0,7,16,16,0,5.0,Turkish Grand Prix,12:00:00,2021-10-08,\N,2021-10-08,\N,2021-10-09,\N,2021-10-09,\N,\N,\N,23,0,8,3.087999999999994,26
2021,16,False,False,False,True,True,giovinazzi,16,11,841.0,99,GIO,Antonio,Giovinazzi,http://en.wikipedia.org/wiki/Antonio_Giovinazzi,70625.0,1067.0,1,18,18,0,5.0,Turkish Grand Prix,12:00:00,2021-10-08,\N,2021-10-08,\N,2021-10-09,\N,2021-10-09,\N,\N,\N,7,0,9,3.432000000000002,27
2021,16,False,False,False,True,True,raikkonen,17,12,8.0,7,RAI,Kimi,Räikkönen,http://en.wikipedia.org/wiki/Kimi_R%C3%A4ikk%C3%B6nen,70624.0,1067.0,6,17,17,0,5.0,Turkish Grand Prix,12:00:00,2021-10-08,\N,2021-10-08,\N,2021-10-09,\N,2021-10-09,\N,\N,\N,7,0,9,4.527000000000001,41
2021,16,False,False,False,True,True,mazepin,18,20,853.0,9,MAZ,Nikita,Mazepin,http://en.wikipedia.org/wiki/Nikita_Mazepin,70633.0,1067.0,0,21,21,0,5.0,Turkish Grand Prix,12:00:00,2021-10-08,\N,2021-10-08,\N,2021-10-09,\N,2021-10-09,\N,\N,\N,0,0,10,5.450999999999993,22
2021,16,False,False,False,True,True,ricciardo,20,13,817.0,3,RIC,Daniel,Ricciardo,http://en.wikipedia.org/wiki/Daniel_Ricciardo,70620.0,1067.0,95,8,8,1,5.0,Turkish Grand Prix,12:00:00,2021-10-08,\N,2021-10-08,\N,2021-10-09,\N,2021-10-09,\N,\N,\N,234,1,3,2.8829999999999956,32
2021,17,True,False,False,False,False,max_verstappen,1,1,830.0,33,VER,Max,Verstappen,http://en.wikipedia.org/wiki/Max_Verstappen,70636.0,1069.0,287,1,1,8,69.0,United States Grand Prix,19:00:00,2021-10-22,\N,2021-10-22,\N,2021-10-23,\N,2021-10-23,\N,\N,\N,0,8,2,0.0,24
2021,17,True,False,False,False,False,hamilton,2,2,1.0,44,HAM,Lewis,Hamilton,http://en.wikipedia.org/wiki/Lewis_Hamilton,70635.0,1069.0,275,2,2,5,69.0,United States Grand Prix,19:00:00,2021-10-22,\N,2021-10-22,\N,2021-10-23,\N,2021-10-23,\N,\N,\N,0,6,1,0.20900000000000318,36
2021,17,True,False,False,False,False,perez,3,3,815.0,11,PER,Sergio,Pérez,http://en.wikipedia.org/wiki/Sergio_P%C3%A9rez,70639.0,1069.0,150,4,4,1,69.0,United States Grand Prix,19:00:00,2021-10-22,\N,2021-10-22,\N,2021-10-23,\N,2021-10-23,\N,\N,\N,0,8,2,0.22400000000000375,31
2021,17,True,False,False,False,False,leclerc,4,4,844.0,16,LEC,Charles,Leclerc,http://en.wikipedia.org/wiki/Charles_Leclerc,70640.0,1069.0,128,6,6,0,69.0,United States Grand Prix,19:00:00,2021-10-22,\N,2021-10-22,\N,2021-10-23,\N,2021-10-23,\N,\N,\N,0,0,4,0.695999999999998,24
2021,17,True,False,False,False,False,sainz,5,7,832.0,55,SAI,Carlos,Sainz,http://en.wikipedia.org/wiki/Carlos_Sainz_Jr.,70642.0,1069.0,122,7,7,0,69.0,United States Grand Prix,19:00:00,2021-10-22,\N,2021-10-22,\N,2021-10-23,\N,2021-10-23,\N,\N,\N,0,0,4,0.882000000000005,27
2021,17,True,False,False,False,False,ricciardo,6,5,817.0,3,RIC,Daniel,Ricciardo,http://en.wikipedia.org/wiki/Daniel_Ricciardo,70641.0,1069.0,105,8,8,1,69.0,United States Grand Prix,19:00:00,2021-10-22,\N,2021-10-22,\N,2021-10-23,\N,2021-10-23,\N,\N,\N,240,1,3,0.8979999999999961,32
2021,17,True,False,False,False,False,norris,7,8,846.0,4,NOR,Lando,Norris,http://en.wikipedia.org/wiki/Lando_Norris,70638.0,1069.0,149,5,5,0,69.0,United States Grand Prix,19:00:00,2021-10-22,\N,2021-10-22,\N,2021-10-23,\N,2021-10-23,\N,\N,\N,240,1,3,0.9770000000000039,21
2021,17,True,False,False,False,False,gasly,8,20,842.0,10,GAS,Pierre,Gasly,http://en.wikipedia.org/wiki/Pierre_Gasly,70651.0,1069.0,74,9,9,0,69.0,United States Grand Prix,19:00:00,2021-10-22,\N,2021-10-22,\N,2021-10-23,\N,2021-10-23,\N,\N,\N,92,0,6,1.2079999999999984,25
2021,17,True,False,False,False,False,bottas,9,6,822.0,77,BOT,Valtteri,Bottas,http://en.wikipedia.org/wiki/Valtteri_Bottas,70637.0,1069.0,185,3,3,1,69.0,United States Grand Prix,19:00:00,2021-10-22,\N,2021-10-22,\N,2021-10-23,\N,2021-10-23,\N,\N,\N,0,6,1,0.5649999999999977,32
2021,17,True,False,False,False,False,tsunoda,10,9,852.0,22,TSU,Yuki,Tsunoda,http://en.wikipedia.org/wiki/Yuki_Tsunoda,70643.0,1069.0,20,14,14,0,69.0,United States Grand Prix,19:00:00,2021-10-22,\N,2021-10-22,\N,2021-10-23,\N,2021-10-23,\N,\N,\N,92,0,6,2.0080000000000098,21
2021,17,True,False,False,False,False,ocon,11,19,839.0,31,OCO,Esteban,Ocon,http://en.wikipedia.org/wiki/Esteban_Ocon,70647.0,1069.0,46,11,11,1,69.0,United States Grand Prix,19:00:00,2021-10-22,\N,2021-10-22,\N,2021-10-23,\N,2021-10-23,\N,\N,\N,104,1,5,2.467000000000013,25
2021,17,True,False,False,False,False,giovinazzi,12,11,841.0,99,GIO,Antonio,Giovinazzi,http://en.wikipedia.org/wiki/Antonio_Giovinazzi,70646.0,1069.0,1,18,18,0,69.0,United States Grand Prix,19:00:00,2021-10-22,\N,2021-10-22,\N,2021-10-23,\N,2021-10-23,\N,\N,\N,7,0,9,2.8840000000000003,27
2021,17,True,False,False,False,False,stroll,13,12,840.0,18,STR,Lance,Stroll,http://en.wikipedia.org/wiki/Lance_Stroll,70644.0,1069.0,26,13,13,0,69.0,United States Grand Prix,19:00:00,2021-10-22,\N,2021-10-22,\N,2021-10-23,\N,2021-10-23,\N,\N,\N,61,0,7,3.0730000000000075,22
2021,17,True,False,False,False,False,latifi,14,15,849.0,6,LAT,Nicholas,Latifi,http://en.wikipedia.org/wiki/Nicholas_Latifi,70652.0,1069.0,7,16,16,0,69.0,United States Grand Prix,19:00:00,2021-10-22,\N,2021-10-22,\N,2021-10-23,\N,2021-10-23,\N,\N,\N,23,0,8,3.085000000000008,26
2021,17,True,False,False,False,False,raikkonen,15,13,8.0,7,RAI,Kimi,Räikkönen,http://en.wikipedia.org/wiki/Kimi_R%C3%A4ikk%C3%B6nen,70645.0,1069.0,6,17,17,0,69.0,United States Grand Prix,19:00:00,2021-10-22,\N,2021-10-22,\N,2021-10-23,\N,2021-10-23,\N,\N,\N,7,0,9,3.4010000000000105,42
2021,17,True,False,False,False,False,mick_schumacher,16,16,854.0,47,MSC,Mick,Schumacher,http://en.wikipedia.org/wiki/Mick_Schumacher,70650.0,1069.0,0,19,19,0,69.0,United States Grand Prix,19:00:00,2021-10-22,\N,2021-10-22,\N,2021-10-23,\N,2021-10-23,\N,\N,\N,0,0,10,3.5889999999999986,22
2021,17,True,False,False,False,False,mazepin,17,17,853.0,9,MAZ,Nikita,Mazepin,http://en.wikipedia.org/wiki/Nikita_Mazepin,70654.0,1069.0,0,21,21,0,69.0,United States Grand Prix,19:00:00,2021-10-22,\N,2021-10-22,\N,2021-10-23,\N,2021-10-23,\N,\N,\N,0,0,10,3.8859999999999957,22
2021,17,True,False,False,False,False,vettel,18,10,20.0,5,VET,Sebastian,Vettel,http://en.wikipedia.org/wiki/Sebastian_Vettel,70649.0,1069.0,36,12,12,0,69.0,United States Grand Prix,19:00:00,2021-10-22,\N,2021-10-22,\N,2021-10-23,\N,2021-10-23,\N,\N,\N,61,0,7,2.5900000000000034,34
2021,17,True,False,False,False,False,alonso,19,18,4.0,14,ALO,Fernando,Alonso,http://en.wikipedia.org/wiki/Fernando_Alonso,70653.0,1069.0,58,10,10,0,69.0,United States Grand Prix,19:00:00,2021-10-22,\N,2021-10-22,\N,2021-10-23,\N,2021-10-23,\N,\N,\N,104,1,5,11.63900000000001,40
2021,18,True,False,False,False,False,bottas,1,15,822.0,77,BOT,Valtteri,Bottas,http://en.wikipedia.org/wiki/Valtteri_Bottas,70658.0,1070.0,185,3,3,1,32.0,Mexico City Grand Prix,19:00:00,2021-11-05,\N,2021-11-05,\N,2021-11-06,\N,2021-11-06,\N,\N,\N,0,6,1,0.0,32
2021,18,True,False,False,False,False,hamilton,2,2,1.0,44,HAM,Lewis,Hamilton,http://en.wikipedia.org/wiki/Lewis_Hamilton,70656.0,1070.0,293,2,2,5,32.0,Mexico City Grand Prix,19:00:00,2021-11-05,\N,2021-11-05,\N,2021-11-06,\N,2021-11-06,\N,\N,\N,0,6,1,0.14499999999999602,36
2021,18,True,False,False,False,False,max_verstappen,3,1,830.0,33,VER,Max,Verstappen,http://en.wikipedia.org/wiki/Max_Verstappen,70657.0,1070.0,312,1,1,9,32.0,Mexico City Grand Prix,19:00:00,2021-11-05,\N,2021-11-05,\N,2021-11-06,\N,2021-11-06,\N,\N,\N,0,9,2,0.3499999999999943,24
2021,18,True,False,False,False,False,perez,4,3,815.0,11,PER,Sergio,Pérez,http://en.wikipedia.org/wiki/Sergio_P%C3%A9rez,70660.0,1070.0,165,4,4,1,32.0,Mexico City Grand Prix,19:00:00,2021-11-05,\N,2021-11-05,\N,2021-11-06,\N,2021-11-06,\N,\N,\N,0,9,2,0.46699999999999875,31
2021,18,True,False,False,False,False,gasly,5,4,842.0,10,GAS,Pierre,Gasly,http://en.wikipedia.org/wiki/Pierre_Gasly,70672.0,1070.0,86,9,9,0,32.0,Mexico City Grand Prix,19:00:00,2021-11-05,\N,2021-11-05,\N,2021-11-06,\N,2021-11-06,\N,\N,\N,94,0,6,0.5810000000000031,25
2021,18,True,False,False,False,False,sainz,6,6,832.0,55,SAI,Carlos,Sainz,http://en.wikipedia.org/wiki/Carlos_Sainz_Jr.,70663.0,1070.0,130,7,7,0,32.0,Mexico City Grand Prix,19:00:00,2021-11-05,\N,2021-11-05,\N,2021-11-06,\N,2021-11-06,\N,\N,\N,0,0,4,0.8859999999999957,27
2021,18,True,False,False,False,False,ricciardo,7,12,817.0,3,RIC,Daniel,Ricciardo,http://en.wikipedia.org/wiki/Daniel_Ricciardo,70662.0,1070.0,105,8,8,1,32.0,Mexico City Grand Prix,19:00:00,2021-11-05,\N,2021-11-05,\N,2021-11-06,\N,2021-11-06,\N,\N,\N,254,1,3,0.8880000000000052,32
2021,18,True,False,False,False,False,leclerc,8,5,844.0,16,LEC,Charles,Leclerc,http://en.wikipedia.org/wiki/Charles_Leclerc,70661.0,1070.0,138,6,6,0,32.0,Mexico City Grand Prix,19:00:00,2021-11-05,\N,2021-11-05,\N,2021-11-06,\N,2021-11-06,\N,\N,\N,0,0,4,0.9620000000000033,24
2021,18,True,False,False,False,False,vettel,9,7,20.0,5,VET,Sebastian,Vettel,http://en.wikipedia.org/wiki/Sebastian_Vettel,70670.0,1070.0,42,12,12,0,32.0,Mexico City Grand Prix,19:00:00,2021-11-05,\N,2021-11-05,\N,2021-11-06,\N,2021-11-06,\N,\N,\N,62,0,7,1.8709999999999951,34
2021,18,True,False,False,False,False,raikkonen,10,8,8.0,7,RAI,Kimi,Räikkönen,http://en.wikipedia.org/wiki/Kimi_R%C3%A4ikk%C3%B6nen,70666.0,1070.0,10,16,16,0,32.0,Mexico City Grand Prix,19:00:00,2021-11-05,\N,2021-11-05,\N,2021-11-06,\N,2021-11-06,\N,\N,\N,7,0,9,2.0829999999999984,42
2021,18,True,False,False,False,False,giovinazzi,11,11,841.0,99,GIO,Antonio,Giovinazzi,http://en.wikipedia.org/wiki/Antonio_Giovinazzi,70667.0,1070.0,1,18,18,0,32.0,Mexico City Grand Prix,19:00:00,2021-11-05,\N,2021-11-05,\N,2021-11-06,\N,2021-11-06,\N,\N,\N,7,0,9,2.414999999999992,27
2021,18,True,False,False,False,False,alonso,12,9,4.0,14,ALO,Fernando,Alonso,http://en.wikipedia.org/wiki/Fernando_Alonso,70674.0,1070.0,60,10,10,0,32.0,Mexico City Grand Prix,19:00:00,2021-11-05,\N,2021-11-05,\N,2021-11-06,\N,2021-11-06,\N,\N,\N,104,1,5,2.576999999999998,40
2021,18,True,False,False,False,False,latifi,13,17,849.0,6,LAT,Nicholas,Latifi,http://en.wikipedia.org/wiki/Nicholas_Latifi,70673.0,1070.0,7,17,17,0,32.0,Mexico City Grand Prix,19:00:00,2021-11-05,\N,2021-11-05,\N,2021-11-06,\N,2021-11-06,\N,\N,\N,23,0,8,2.8810000000000002,26
2021,18,True,False,False,False,False,mick_schumacher,14,19,854.0,47,MSC,Mick,Schumacher,http://en.wikipedia.org/wiki/Mick_Schumacher,70671.0,1070.0,0,19,19,0,32.0,Mexico City Grand Prix,19:00:00,2021-11-05,\N,2021-11-05,\N,2021-11-06,\N,2021-11-06,\N,\N,\N,0,0,10,2.983000000000004,22
2021,18,True,False,False,False,False,mazepin,15,18,853.0,9,MAZ,Nikita,Mazepin,http://en.wikipedia.org/wiki/Nikita_Mazepin,70675.0,1070.0,0,21,21,0,32.0,Mexico City Grand Prix,19:00:00,2021-11-05,\N,2021-11-05,\N,2021-11-06,\N,2021-11-06,\N,\N,\N,0,0,10,3.4279999999999973,22
2021,18,True,False,False,False,False,russell,16,16,847.0,63,RUS,George,Russell,http://en.wikipedia.org/wiki/George_Russell_%28racing_driver%29,70669.0,1070.0,16,15,15,0,32.0,Mexico City Grand Prix,19:00:00,2021-11-05,\N,2021-11-05,\N,2021-11-06,\N,2021-11-06,\N,\N,\N,23,0,8,2.296999999999997,23
2021,18,True,False,False,False,False,tsunoda,17,20,852.0,22,TSU,Yuki,Tsunoda,http://en.wikipedia.org/wiki/Yuki_Tsunoda,70664.0,1070.0,20,14,14,0,32.0,Mexico City Grand Prix,19:00:00,2021-11-05,\N,2021-11-05,\N,2021-11-06,\N,2021-11-06,\N,\N,\N,94,0,6,1.2830000000000013,21
2021,18,True,False,False,False,False,norris,18,10,846.0,4,NOR,Lando,Norris,http://en.wikipedia.org/wiki/Lando_Norris,70659.0,1070.0,150,5,5,0,32.0,Mexico City Grand Prix,19:00:00,2021-11-05,\N,2021-11-05,\N,2021-11-06,\N,2021-11-06,\N,\N,\N,254,1,3,20.955,21
2021,18,True,False,False,False,False,ocon,19,13,839.0,31,OCO,Esteban,Ocon,http://en.wikipedia.org/wiki/Esteban_Ocon,70668.0,1070.0,46,11,11,1,32.0,Mexico City Grand Prix,19:00:00,2021-11-05,\N,2021-11-05,\N,2021-11-06,\N,2021-11-06,\N,\N,\N,104,1,5,2.530000000000001,25
2021,18,True,False,False,False,False,stroll,20,14,840.0,18,STR,Lance,Stroll,http://en.wikipedia.org/wiki/Lance_Stroll,70665.0,1070.0,26,13,13,0,32.0,Mexico City Grand Prix,19:00:00,2021-11-05,\N,2021-11-05,\N,2021-11-06,\N,2021-11-06,\N,\N,\N,62,0,7,4.998000000000005,23
2021,20,True,False,False,False,False,hamilton,1,1,1.0,44,HAM,Lewis,Hamilton,http://en.wikipedia.org/wiki/Lewis_Hamilton,70698.0,1051.0,343,2,2,7,78.0,Qatar Grand Prix,14:00:00,2021-11-19,\N,2021-11-19,\N,2021-11-20,\N,2021-11-20,\N,\N,\N,0,7,1,0.0,36
2021,20,True,False,False,False,False,gasly,2,11,842.0,10,GAS,Pierre,Gasly,http://en.wikipedia.org/wiki/Pierre_Gasly,70714.0,1051.0,92,9,9,0,78.0,Qatar Grand Prix,14:00:00,2021-11-19,\N,2021-11-19,\N,2021-11-20,\N,2021-11-20,\N,\N,\N,112,0,6,0.8130000000000024,25
2021,20,True,False,False,False,False,alonso,3,3,4.0,14,ALO,Fernando,Alonso,http://en.wikipedia.org/wiki/Fernando_Alonso,70716.0,1051.0,77,10,10,0,78.0,Qatar Grand Prix,14:00:00,2021-11-19,\N,2021-11-19,\N,2021-11-20,\N,2021-11-20,\N,\N,\N,112,1,5,0.8430000000000035,40
2021,20,True,False,False,False,False,norris,4,9,846.0,4,NOR,Lando,Norris,http://en.wikipedia.org/wiki/Lando_Norris,70701.0,1051.0,153,5,5,0,78.0,Qatar Grand Prix,14:00:00,2021-11-19,\N,2021-11-19,\N,2021-11-20,\N,2021-11-20,\N,\N,\N,256,1,4,0.9039999999999964,22
2021,20,True,False,False,False,False,sainz,5,7,832.0,55,SAI,Carlos,Sainz,http://en.wikipedia.org/wiki/Carlos_Sainz_Jr.,70705.0,1051.0,145,7,7,0,78.0,Qatar Grand Prix,14:00:00,2021-11-19,\N,2021-11-19,\N,2021-11-20,\N,2021-11-20,\N,\N,\N,0,0,3,1.0130000000000052,27
2021,20,True,False,False,False,False,bottas,6,20,822.0,77,BOT,Valtteri,Bottas,http://en.wikipedia.org/wiki/Valtteri_Bottas,70700.0,1051.0,203,3,3,1,78.0,Qatar Grand Prix,14:00:00,2021-11-19,\N,2021-11-19,\N,2021-11-20,\N,2021-11-20,\N,\N,\N,0,7,1,0.6510000000000105,32
2021,20,True,False,False,False,False,max_verstappen,7,2,830.0,33,VER,Max,Verstappen,http://en.wikipedia.org/wiki/Max_Verstappen,70699.0,1051.0,351,1,1,9,78.0,Qatar Grand Prix,14:00:00,2021-11-19,\N,2021-11-19,\N,2021-11-20,\N,2021-11-20,\N,\N,\N,0,10,2,0.5970000000000084,24
2021,20,True,False,False,False,False,tsunoda,8,13,852.0,22,TSU,Yuki,Tsunoda,http://en.wikipedia.org/wiki/Yuki_Tsunoda,70706.0,1051.0,20,14,14,0,78.0,Qatar Grand Prix,14:00:00,2021-11-19,\N,2021-11-19,\N,2021-11-20,\N,2021-11-20,\N,\N,\N,112,0,6,1.054000000000002,21
2021,20,True,False,False,False,False,ocon,9,5,839.0,31,OCO,Esteban,Ocon,http://en.wikipedia.org/wiki/Esteban_Ocon,70710.0,1051.0,60,11,11,1,78.0,Qatar Grand Prix,14:00:00,2021-11-19,\N,2021-11-19,\N,2021-11-20,\N,2021-11-20,\N,\N,\N,112,1,5,1.2009999999999934,25
2021,20,True,False,False,False,False,vettel,10,10,20.0,5,VET,Sebastian,Vettel,http://en.wikipedia.org/wiki/Sebastian_Vettel,70712.0,1051.0,43,12,12,0,78.0,Qatar Grand Prix,14:00:00,2021-11-19,\N,2021-11-19,\N,2021-11-20,\N,2021-11-20,\N,\N,\N,68,0,7,1.9579999999999984,34
2021,20,True,False,False,False,False,perez,11,4,815.0,11,PER,Sergio,Pérez,http://en.wikipedia.org/wiki/Sergio_P%C3%A9rez,70702.0,1051.0,190,4,4,1,78.0,Qatar Grand Prix,14:00:00,2021-11-19,\N,2021-11-19,\N,2021-11-20,\N,2021-11-20,\N,\N,\N,0,10,2,1.5190000000000055,31
2021,20,True,False,False,False,False,stroll,12,6,840.0,18,STR,Lance,Stroll,http://en.wikipedia.org/wiki/Lance_Stroll,70707.0,1051.0,34,13,13,0,78.0,Qatar Grand Prix,14:00:00,2021-11-19,\N,2021-11-19,\N,2021-11-20,\N,2021-11-20,\N,\N,\N,68,0,7,1.6330000000000098,23
2021,20,True,False,False,False,False,leclerc,13,8,844.0,16,LEC,Charles,Leclerc,http://en.wikipedia.org/wiki/Charles_Leclerc,70703.0,1051.0,152,6,6,0,78.0,Qatar Grand Prix,14:00:00,2021-11-19,\N,2021-11-19,\N,2021-11-20,\N,2021-11-20,\N,\N,\N,0,0,3,1.6359999999999957,24
2021,20,True,False,False,False,False,ricciardo,14,12,817.0,3,RIC,Daniel,Ricciardo,http://en.wikipedia.org/wiki/Daniel_Ricciardo,70704.0,1051.0,105,8,8,1,78.0,Qatar Grand Prix,14:00:00,2021-11-19,\N,2021-11-19,\N,2021-11-20,\N,2021-11-20,\N,\N,\N,256,1,4,1.7700000000000102,32
2021,20,True,False,False,False,False,russell,15,17,847.0,63,RUS,George,Russell,http://en.wikipedia.org/wiki/George_Russell_%28racing_driver%29,70711.0,1051.0,16,15,15,0,78.0,Qatar Grand Prix,14:00:00,2021-11-19,\N,2021-11-19,\N,2021-11-20,\N,2021-11-20,\N,\N,\N,23,0,8,1.929000000000002,23
2021,20,True,False,False,False,False,raikkonen,16,14,8.0,7,RAI,Kimi,Räikkönen,http://en.wikipedia.org/wiki/Kimi_R%C3%A4ikk%C3%B6nen,70708.0,1051.0,10,16,16,0,78.0,Qatar Grand Prix,14:00:00,2021-11-19,\N,2021-11-19,\N,2021-11-20,\N,2021-11-20,\N,\N,\N,11,0,9,2.3290000000000077,42
2021,20,True,False,False,False,False,latifi,17,19,849.0,6,LAT,Nicholas,Latifi,http://en.wikipedia.org/wiki/Nicholas_Latifi,70715.0,1051.0,7,17,17,0,78.0,Qatar Grand Prix,14:00:00,2021-11-19,\N,2021-11-19,\N,2021-11-20,\N,2021-11-20,\N,\N,\N,23,0,8,2.3859999999999957,26
2021,20,True,False,False,False,False,giovinazzi,18,15,841.0,99,GIO,Antonio,Giovinazzi,http://en.wikipedia.org/wiki/Antonio_Giovinazzi,70709.0,1051.0,1,18,18,0,78.0,Qatar Grand Prix,14:00:00,2021-11-19,\N,2021-11-19,\N,2021-11-20,\N,2021-11-20,\N,\N,\N,11,0,9,2.4350000000000023,27
2021,20,True,False,False,False,False,mick_schumacher,19,16,854.0,47,MSC,Mick,Schumacher,http://en.wikipedia.org/wiki/Mick_Schumacher,70713.0,1051.0,0,19,19,0,78.0,Qatar Grand Prix,14:00:00,2021-11-19,\N,2021-11-19,\N,2021-11-20,\N,2021-11-20,\N,\N,\N,0,0,10,2.5799999999999983,22
2021,20,True,False,False,False,False,mazepin,20,18,853.0,9,MAZ,Nikita,Mazepin,http://en.wikipedia.org/wiki/Nikita_Mazepin,70717.0,1051.0,0,21,21,0,78.0,Qatar Grand Prix,14:00:00,2021-11-19,\N,2021-11-19,\N,2021-11-20,\N,2021-11-20,\N,\N,\N,0,0,10,5.032000000000011,22
2021,21,True,False,False,False,False,hamilton,1,1,1.0,44,HAM,Lewis,Hamilton,http://en.wikipedia.org/wiki/Lewis_Hamilton,70719.0,1072.0,369,2,2,8,77.0,Saudi Arabian Grand Prix,17:30:00,2021-12-03,\N,2021-12-03,\N,2021-12-04,\N,2021-12-04,\N,\N,\N,0,8,1,0.0,36
2021,21,True,False,False,False,False,bottas,2,3,822.0,77,BOT,Valtteri,Bottas,http://en.wikipedia.org/wiki/Valtteri_Bottas,70721.0,1072.0,218,3,3,1,77.0,Saudi Arabian Grand Prix,17:30:00,2021-12-03,\N,2021-12-03,\N,2021-12-04,\N,2021-12-04,\N,\N,\N,0,8,1,0.1110000000000042,32
2021,21,True,False,False,False,False,max_verstappen,3,2,830.0,33,VER,Max,Verstappen,http://en.wikipedia.org/wiki/Max_Verstappen,70720.0,1072.0,369,1,1,9,77.0,Saudi Arabian Grand Prix,17:30:00,2021-12-03,\N,2021-12-03,\N,2021-12-04,\N,2021-12-04,\N,\N,\N,0,10,2,0.1419999999999959,24
2021,21,True,False,False,False,False,leclerc,4,7,844.0,16,LEC,Charles,Leclerc,http://en.wikipedia.org/wiki/Charles_Leclerc,70724.0,1072.0,158,5,5,0,77.0,Saudi Arabian Grand Prix,17:30:00,2021-12-03,\N,2021-12-03,\N,2021-12-04,\N,2021-12-04,\N,\N,\N,0,0,3,0.5430000000000064,24
2021,21,True,False,False,False,False,perez,5,17,815.0,11,PER,Sergio,Pérez,http://en.wikipedia.org/wiki/Sergio_P%C3%A9rez,70723.0,1072.0,190,4,4,1,77.0,Saudi Arabian Grand Prix,17:30:00,2021-12-03,\N,2021-12-03,\N,2021-12-04,\N,2021-12-04,\N,\N,\N,0,10,2,0.612000000000009,31
2021,21,True,False,False,False,False,gasly,6,6,842.0,10,GAS,Pierre,Gasly,http://en.wikipedia.org/wiki/Pierre_Gasly,70735.0,1072.0,100,9,9,0,77.0,Saudi Arabian Grand Prix,17:30:00,2021-12-03,\N,2021-12-03,\N,2021-12-04,\N,2021-12-04,\N,\N,\N,112,0,6,0.6140000000000043,25
2021,21,True,False,False,False,False,norris,7,10,846.0,4,NOR,Lando,Norris,http://en.wikipedia.org/wiki/Lando_Norris,70722.0,1072.0,154,6,6,0,77.0,Saudi Arabian Grand Prix,17:30:00,2021-12-03,\N,2021-12-03,\N,2021-12-04,\N,2021-12-04,\N,\N,\N,258,1,4,0.6690000000000111,22
2021,21,True,False,False,False,False,tsunoda,8,14,852.0,22,TSU,Yuki,Tsunoda,http://en.wikipedia.org/wiki/Yuki_Tsunoda,70727.0,1072.0,20,14,14,0,77.0,Saudi Arabian Grand Prix,17:30:00,2021-12-03,\N,2021-12-03,\N,2021-12-04,\N,2021-12-04,\N,\N,\N,112,0,6,0.9310000000000116,21
2021,21,True,False,False,False,False,ocon,9,4,839.0,31,OCO,Esteban,Ocon,http://en.wikipedia.org/wiki/Esteban_Ocon,70731.0,1072.0,72,11,11,1,77.0,Saudi Arabian Grand Prix,17:30:00,2021-12-03,\N,2021-12-03,\N,2021-12-04,\N,2021-12-04,\N,\N,\N,137,1,5,1.1359999999999957,25
2021,21,True,False,False,False,False,giovinazzi,10,9,841.0,99,GIO,Antonio,Giovinazzi,http://en.wikipedia.org/wiki/Antonio_Giovinazzi,70730.0,1072.0,3,18,18,0,77.0,Saudi Arabian Grand Prix,17:30:00,2021-12-03,\N,2021-12-03,\N,2021-12-04,\N,2021-12-04,\N,\N,\N,11,0,9,1.2430000000000092,27
2021,21,True,False,False,False,False,ricciardo,11,5,817.0,3,RIC,Daniel,Ricciardo,http://en.wikipedia.org/wiki/Daniel_Ricciardo,70725.0,1072.0,115,8,8,1,77.0,Saudi Arabian Grand Prix,17:30:00,2021-12-03,\N,2021-12-03,\N,2021-12-04,\N,2021-12-04,\N,\N,\N,258,1,4,1.1570000000000107,32
2021,21,True,False,False,False,False,raikkonen,12,15,8.0,7,RAI,Kimi,Räikkönen,http://en.wikipedia.org/wiki/Kimi_R%C3%A4ikk%C3%B6nen,70729.0,1072.0,10,16,16,0,77.0,Saudi Arabian Grand Prix,17:30:00,2021-12-03,\N,2021-12-03,\N,2021-12-04,\N,2021-12-04,\N,\N,\N,11,0,9,1.3740000000000094,42
2021,21,True,False,False,False,False,alonso,13,13,4.0,14,ALO,Fernando,Alonso,http://en.wikipedia.org/wiki/Fernando_Alonso,70737.0,1072.0,77,10,10,0,77.0,Saudi Arabian Grand Prix,17:30:00,2021-12-03,\N,2021-12-03,\N,2021-12-04,\N,2021-12-04,\N,\N,\N,137,1,5,1.409000000000006,40
2021,21,True,False,False,False,False,russell,14,19,847.0,63,RUS,George,Russell,http://en.wikipedia.org/wiki/George_Russell_%28racing_driver%29,70732.0,1072.0,16,15,15,0,77.0,Saudi Arabian Grand Prix,17:30:00,2021-12-03,\N,2021-12-03,\N,2021-12-04,\N,2021-12-04,\N,\N,\N,23,0,8,1.5430000000000064,23
2021,21,True,False,False,False,False,sainz,15,8,832.0,55,SAI,Carlos,Sainz,http://en.wikipedia.org/wiki/Carlos_Sainz_Jr.,70726.0,1072.0,149,7,7,0,77.0,Saudi Arabian Grand Prix,17:30:00,2021-12-03,\N,2021-12-03,\N,2021-12-04,\N,2021-12-04,\N,\N,\N,0,0,3,26.141000000000005,27
2021,21,True,False,False,False,False,latifi,16,12,849.0,6,LAT,Nicholas,Latifi,http://en.wikipedia.org/wiki/Nicholas_Latifi,70736.0,1072.0,7,17,17,0,77.0,Saudi Arabian Grand Prix,17:30:00,2021-12-03,\N,2021-12-03,\N,2021-12-04,\N,2021-12-04,\N,\N,\N,23,0,8,1.6659999999999968,26
2021,21,True,False,False,False,False,vettel,17,16,20.0,5,VET,Sebastian,Vettel,http://en.wikipedia.org/wiki/Sebastian_Vettel,70733.0,1072.0,43,12,12,0,77.0,Saudi Arabian Grand Prix,17:30:00,2021-12-03,\N,2021-12-03,\N,2021-12-04,\N,2021-12-04,\N,\N,\N,77,0,7,1.6870000000000118,34
2021,21,True,False,False,False,False,stroll,18,11,840.0,18,STR,Lance,Stroll,http://en.wikipedia.org/wiki/Lance_Stroll,70728.0,1072.0,34,13,13,0,77.0,Saudi Arabian Grand Prix,17:30:00,2021-12-03,\N,2021-12-03,\N,2021-12-04,\N,2021-12-04,\N,\N,\N,77,0,7,1.8569999999999993,23
2021,21,True,False,False,False,False,mick_schumacher,19,20,854.0,47,MSC,Mick,Schumacher,http://en.wikipedia.org/wiki/Mick_Schumacher,70734.0,1072.0,0,19,19,0,77.0,Saudi Arabian Grand Prix,17:30:00,2021-12-03,\N,2021-12-03,\N,2021-12-04,\N,2021-12-04,\N,\N,\N,0,0,10,1.953000000000003,22
2021,21,True,False,False,False,False,mazepin,20,18,853.0,9,MAZ,Nikita,Mazepin,http://en.wikipedia.org/wiki/Nikita_Mazepin,70738.0,1072.0,0,21,21,0,77.0,Saudi Arabian Grand Prix,17:30:00,2021-12-03,\N,2021-12-03,\N,2021-12-04,\N,2021-12-04,\N,\N,\N,0,0,10,2.9620000000000033,22
2021,22,True,False,False,False,False,max_verstappen,1,1,830.0,33,VER,Max,Verstappen,http://en.wikipedia.org/wiki/Max_Verstappen,70741.0,1073.0,395,1,1,10,24.0,Abu Dhabi Grand Prix,13:00:00,2021-12-10,\N,2021-12-10,\N,2021-12-11,\N,2021-12-11,\N,\N,\N,0,10,2,0.0,24
2021,22,True,False,False,False,False,hamilton,2,2,1.0,44,HAM,Lewis,Hamilton,http://en.wikipedia.org/wiki/Lewis_Hamilton,70740.0,1073.0,387,2,2,8,24.0,Abu Dhabi Grand Prix,13:00:00,2021-12-10,\N,2021-12-10,\N,2021-12-11,\N,2021-12-11,\N,\N,\N,0,9,1,0.3709999999999951,36
2021,22,True,False,False,False,False,norris,3,7,846.0,4,NOR,Lando,Norris,http://en.wikipedia.org/wiki/Lando_Norris,70743.0,1073.0,160,6,6,0,24.0,Abu Dhabi Grand Prix,13:00:00,2021-12-10,\N,2021-12-10,\N,2021-12-11,\N,2021-12-11,\N,\N,\N,269,1,4,0.8219999999999885,22
2021,22,True,False,False,False,False,perez,4,15,815.0,11,PER,Sergio,Pérez,http://en.wikipedia.org/wiki/Sergio_P%C3%A9rez,70744.0,1073.0,190,4,4,1,24.0,Abu Dhabi Grand Prix,13:00:00,2021-12-10,\N,2021-12-10,\N,2021-12-11,\N,2021-12-11,\N,\N,\N,0,10,2,0.8379999999999939,31
2021,22,True,False,False,False,False,sainz,5,3,832.0,55,SAI,Carlos,Sainz,http://en.wikipedia.org/wiki/Carlos_Sainz_Jr.,70747.0,1073.0,164,5,5,0,24.0,Abu Dhabi Grand Prix,13:00:00,2021-12-10,\N,2021-12-10,\N,2021-12-11,\N,2021-12-11,\N,\N,\N,0,0,3,0.8829999999999956,27
2021,22,True,False,False,False,False,bottas,6,6,822.0,77,BOT,Valtteri,Bottas,http://en.wikipedia.org/wiki/Valtteri_Bottas,70742.0,1073.0,226,3,3,1,24.0,Abu Dhabi Grand Prix,13:00:00,2021-12-10,\N,2021-12-10,\N,2021-12-11,\N,2021-12-11,\N,\N,\N,0,9,1,0.9269999999999925,32
2021,22,True,False,False,False,False,leclerc,7,10,844.0,16,LEC,Charles,Leclerc,http://en.wikipedia.org/wiki/Charles_Leclerc,70745.0,1073.0,159,7,7,0,24.0,Abu Dhabi Grand Prix,13:00:00,2021-12-10,\N,2021-12-10,\N,2021-12-11,\N,2021-12-11,\N,\N,\N,0,0,3,1.012999999999991,24
2021,22,True,False,False,False,False,tsunoda,8,4,852.0,22,TSU,Yuki,Tsunoda,http://en.wikipedia.org/wiki/Yuki_Tsunoda,70748.0,1073.0,32,14,14,0,24.0,Abu Dhabi Grand Prix,13:00:00,2021-12-10,\N,2021-12-10,\N,2021-12-11,\N,2021-12-11,\N,\N,\N,120,0,6,1.11099999999999,21
2021,22,True,False,False,False,False,ocon,9,9,839.0,31,OCO,Esteban,Ocon,http://en.wikipedia.org/wiki/Esteban_Ocon,70752.0,1073.0,74,11,11,1,24.0,Abu Dhabi Grand Prix,13:00:00,2021-12-10,\N,2021-12-10,\N,2021-12-11,\N,2021-12-11,\N,\N,\N,149,1,5,1.279999999999987,25
2021,22,True,False,False,False,False,ricciardo,10,12,817.0,3,RIC,Daniel,Ricciardo,http://en.wikipedia.org/wiki/Daniel_Ricciardo,70746.0,1073.0,115,8,8,1,24.0,Abu Dhabi Grand Prix,13:00:00,2021-12-10,\N,2021-12-10,\N,2021-12-11,\N,2021-12-11,\N,\N,\N,269,1,4,1.299999999999983,32
2021,22,True,False,False,False,False,alonso,11,8,4.0,14,ALO,Fernando,Alonso,http://en.wikipedia.org/wiki/Fernando_Alonso,70758.0,1073.0,81,10,10,0,24.0,Abu Dhabi Grand Prix,13:00:00,2021-12-10,\N,2021-12-10,\N,2021-12-11,\N,2021-12-11,\N,\N,\N,149,1,5,1.350999999999999,40
2021,22,True,False,False,False,False,gasly,12,5,842.0,10,GAS,Pierre,Gasly,http://en.wikipedia.org/wiki/Pierre_Gasly,70756.0,1073.0,110,9,9,0,24.0,Abu Dhabi Grand Prix,13:00:00,2021-12-10,\N,2021-12-10,\N,2021-12-11,\N,2021-12-11,\N,\N,\N,120,0,6,1.9339999999999975,25
2021,22,True,False,False,False,False,stroll,13,13,840.0,18,STR,Lance,Stroll,http://en.wikipedia.org/wiki/Lance_Stroll,70749.0,1073.0,34,13,13,0,24.0,Abu Dhabi Grand Prix,13:00:00,2021-12-10,\N,2021-12-10,\N,2021-12-11,\N,2021-12-11,\N,\N,\N,77,0,7,1.9569999999999936,23
2021,22,True,False,False,False,False,giovinazzi,14,17,841.0,99,GIO,Antonio,Giovinazzi,http://en.wikipedia.org/wiki/Antonio_Giovinazzi,70751.0,1073.0,3,18,18,0,24.0,Abu Dhabi Grand Prix,13:00:00,2021-12-10,\N,2021-12-10,\N,2021-12-11,\N,2021-12-11,\N,\N,\N,13,0,9,2.141999999999996,27
2021,22,True,False,False,False,False,vettel,15,11,20.0,5,VET,Sebastian,Vettel,http://en.wikipedia.org/wiki/Sebastian_Vettel,70754.0,1073.0,43,12,12,0,24.0,Abu Dhabi Grand Prix,13:00:00,2021-12-10,\N,2021-12-10,\N,2021-12-11,\N,2021-12-11,\N,\N,\N,77,0,7,2.195999999999998,34
2021,22,True,False,False,False,False,latifi,16,16,849.0,6,LAT,Nicholas,Latifi,http://en.wikipedia.org/wiki/Nicholas_Latifi,70757.0,1073.0,7,17,17,0,24.0,Abu Dhabi Grand Prix,13:00:00,2021-12-10,\N,2021-12-10,\N,2021-12-11,\N,2021-12-11,\N,\N,\N,23,0,8,2.228999999999985,26
2021,22,True,False,False,False,False,russell,17,18,847.0,63,RUS,George,Russell,http://en.wikipedia.org/wiki/George_Russell_%28racing_driver%29,70753.0,1073.0,16,15,15,0,24.0,Abu Dhabi Grand Prix,13:00:00,2021-12-10,\N,2021-12-10,\N,2021-12-11,\N,2021-12-11,\N,\N,\N,23,0,8,2.313999999999993,23
2021,22,True,False,False,False,False,raikkonen,18,19,8.0,7,RAI,Kimi,Räikkönen,http://en.wikipedia.org/wiki/Kimi_R%C3%A4ikk%C3%B6nen,70750.0,1073.0,10,16,16,0,24.0,Abu Dhabi Grand Prix,13:00:00,2021-12-10,\N,2021-12-10,\N,2021-12-11,\N,2021-12-11,\N,\N,\N,13,0,9,2.6699999999999875,42
2021,22,True,False,False,False,False,mick_schumacher,19,14,854.0,47,MSC,Mick,Schumacher,http://en.wikipedia.org/wiki/Mick_Schumacher,70755.0,1073.0,0,19,19,0,24.0,Abu Dhabi Grand Prix,13:00:00,2021-12-10,\N,2021-12-10,\N,2021-12-11,\N,2021-12-11,\N,\N,\N,0,0,10,2.796999999999997,22
